﻿<tags>

    <a href="" rel="tag" style="font-size: 8pt;" color="0xBBBBBB">LANAlarm</a>
    <a href="" rel="tag" style="font-size: 8pt;" color="0x888888">NetSaint</a>
    <a href="" rel="tag" style="font-size: 8pt;" color="0x000000">Nagios</a>
    <a href="" rel="tag" style="font-size: 9pt;" color="0xF24800">Nagios Core</a>
    <a href="" rel="tag" style="font-size: 9pt;" color="0x4089F9">Nagios XI</a>
    <a href="" rel="tag" style="font-size: 9pt;" color="0x4089F9">Nagios Fusion</a>
    <a href="" rel="tag" style="font-size: 9pt;" color="0xFFA121">Nagios Network Analyzer</a>
    <a href="" rel="tag" style="font-size: 9pt;" color="0x7472DF">Nagios Incident Manager</a>
    <a href="" rel="tag" style="font-size: 9pt;" color="0x23B55E">Nagios Log Server</a>
    <a href="" rel="tag" style="font-size: 9pt;" color="0x454545">Nagios Reactor</a>
    <a href="" rel="tag" style="font-size: 9pt;" color="0x454545">NRPE</a>
    <a href="" rel="tag" style="font-size: 9pt;" color="0x454545">NCPA</a>

    <a href="https://www.nagios.com" rel="tag" style="font-size: 10pt;" color="0x000000">Nagios Enterprises</a>

    <a href="" rel="tag" style="font-size: 7pt;" color="0x888888">03-14-1999</a>
    <a href="" rel="tag" style="font-size: 7pt;" color="0x888888">FOSDEM 2005</a>
    <a href="" rel="tag" style="font-size: 7pt;" color="0x888888">11-09-2007</a>
    <a href="" rel="tag" style="font-size: 7pt;" color="0x888888">12-31-2009</a>

    <a href="http://netsaint.sourceforge.net" rel="tag" style="font-size: 4pt;" color="0x000000">netsaint.sourceforge.net</a>
    <a href="https://www.nagios.org" rel="tag" style="font-size: 4pt;" color="0x000000">www.nagios.org</a>
    <a href="https://www.nagios.com" rel="tag" style="font-size: 4pt;" color="0x000000">www.nagios.com</a>
    <a href="https://exchange.nagios.com" rel="tag" style="font-size: 4pt;" color="0x000000">exchange.nagios.org</a>
    <a href="https://support.nagios.com" rel="tag" style="font-size: 4pt;" color="0x000000">support.nagios.com</a>
    <a href="https://library.nagios.com" rel="tag" style="font-size: 4pt;" color="0x000000">library.nagios.com</a>

</tags>