﻿{"data":[{"Properties":{"domain":"ACTIVE.HTB","name":"ADMINISTRATORS@ACTIVE.HTB","distinguishedname":"CN=ADMINISTRATORS,CN=BUILTIN,DC=ACTIVE,DC=HTB","domainsid":null,"highvalue":true,"samaccountname":"Administrators","description":"Administrators have complete and unrestricted access to the computer/domain","whencreated":1531914551,"admincount":true},"Members":[{"ObjectIdentifier":"S-1-5-21-405608879-3187717380-1996298813-512","ObjectType":"Group"},{"ObjectIdentifier":"S-1-5-21-405608879-3187717380-1996298813-519","ObjectType":"Group"},{"ObjectIdentifier":"S-1-5-21-405608879-3187717380-1996298813-500","ObjectType":"User"}],"Aces":[{"PrincipalSID":"S-1-5-21-405608879-3187717380-1996298813-512","PrincipalType":"Group","RightName":"Owns","IsInherited":false},{"PrincipalSID":"ACTIVE.HTB-S-1-5-32-544","PrincipalType":"Group","RightName":"WriteDacl","IsInherited":false},{"PrincipalSID":"ACTIVE.HTB-S-1-5-32-544","PrincipalType":"Group","RightName":"WriteOwner","IsInherited":false},{"PrincipalSID":"ACTIVE.HTB-S-1-5-32-544","PrincipalType":"Group","RightName":"GenericWrite","IsInherited":false},{"PrincipalSID":"S-1-5-21-405608879-3187717380-1996298813-512","PrincipalType":"Group","RightName":"WriteDacl","IsInherited":false},{"PrincipalSID":"S-1-5-21-405608879-3187717380-1996298813-512","PrincipalType":"Group","RightName":"WriteOwner","IsInherited":false},{"PrincipalSID":"S-1-5-21-405608879-3187717380-1996298813-512","PrincipalType":"Group","RightName":"GenericWrite","IsInherited":false},{"PrincipalSID":"S-1-5-21-405608879-3187717380-1996298813-519","PrincipalType":"Group","RightName":"WriteDacl","IsInherited":false},{"PrincipalSID":"S-1-5-21-405608879-3187717380-1996298813-519","PrincipalType":"Group","RightName":"WriteOwner","IsInherited":false},{"PrincipalSID":"S-1-5-21-405608879-3187717380-1996298813-519","PrincipalType":"Group","RightName":"GenericWrite","IsInherited":false}],"ObjectIdentifier":"ACTIVE.HTB-S-1-5-32-544","IsDeleted":false,"IsACLProtected":true},{"Properties":{"domain":"ACTIVE.HTB","name":"SCHEMA ADMINS@ACTIVE.HTB","distinguishedname":"CN=SCHEMA ADMINS,CN=USERS,DC=ACTIVE,DC=HTB","domainsid":"S-1-5-21-405608879-3187717380-1996298813","highvalue":false,"samaccountname":"Schema Admins","description":"Designated administrators of the schema","whencreated":1531914637,"admincount":true},"Members":[{"ObjectIdentifier":"S-1-5-21-405608879-3187717380-1996298813-500","ObjectType":"User"}],"Aces":[{"PrincipalSID":"S-1-5-21-405608879-3187717380-1996298813-512","PrincipalType":"Group","RightName":"Owns","IsInherited":false},{"PrincipalSID":"ACTIVE.HTB-S-1-5-32-544","PrincipalType":"Group","RightName":"WriteDacl","IsInherited":false},{"PrincipalSID":"ACTIVE.HTB-S-1-5-32-544","PrincipalType":"Group","RightName":"WriteOwner","IsInherited":false},{"PrincipalSID":"ACTIVE.HTB-S-1-5-32-544","PrincipalType":"Group","RightName":"GenericWrite","IsInherited":false},{"PrincipalSID":"S-1-5-21-405608879-3187717380-1996298813-512","PrincipalType":"Group","RightName":"WriteDacl","IsInherited":false},{"PrincipalSID":"S-1-5-21-405608879-3187717380-1996298813-512","PrincipalType":"Group","RightName":"WriteOwner","IsInherited":false},{"PrincipalSID":"S-1-5-21-405608879-3187717380-1996298813-512","PrincipalType":"Group","RightName":"GenericWrite","IsInherited":false},{"PrincipalSID":"S-1-5-21-405608879-3187717380-1996298813-519","PrincipalType":"Group","RightName":"WriteDacl","IsInherited":false},{"PrincipalSID":"S-1-5-21-405608879-3187717380-1996298813-519","PrincipalType":"Group","RightName":"WriteOwner","IsInherited":false},{"PrincipalSID":"S-1-5-21-405608879-3187717380-1996298813-519","PrincipalType":"Group","RightName":"GenericWrite","IsInherited":false}],"ObjectIdentifier":"S-1-5-21-405608879-3187717380-1996298813-518","IsDeleted":false,"IsACLProtected":true},{"Properties":{"domain":"ACTIVE.HTB","name":"ENTERPRISE ADMINS@ACTIVE.HTB","distinguishedname":"CN=ENTERPRISE ADMINS,CN=USERS,DC=ACTIVE,DC=HTB","domainsid":"S-1-5-21-405608879-3187717380-1996298813","highvalue":true,"samaccountname":"Enterprise Admins","description":"Designated administrators of the enterprise","whencreated":1531914637,"admincount":true},"Members":[{"ObjectIdentifier":"S-1-5-21-405608879-3187717380-1996298813-500","ObjectType":"User"}],"Aces":[{"PrincipalSID":"S-1-5-21-405608879-3187717380-1996298813-512","PrincipalType":"Group","RightName":"Owns","IsInherited":false},{"PrincipalSID":"ACTIVE.HTB-S-1-5-32-544","PrincipalType":"Group","RightName":"WriteDacl","IsInherited":false},{"PrincipalSID":"ACTIVE.HTB-S-1-5-32-544","PrincipalType":"Group","RightName":"WriteOwner","IsInherited":false},{"PrincipalSID":"ACTIVE.HTB-S-1-5-32-544","PrincipalType":"Group","RightName":"GenericWrite","IsInherited":false},{"PrincipalSID":"S-1-5-21-405608879-3187717380-1996298813-512","PrincipalType":"Group","RightName":"WriteDacl","IsInherited":false},{"PrincipalSID":"S-1-5-21-405608879-3187717380-1996298813-512","PrincipalType":"Group","RightName":"WriteOwner","IsInherited":false},{"PrincipalSID":"S-1-5-21-405608879-3187717380-1996298813-512","PrincipalType":"Group","RightName":"GenericWrite","IsInherited":false},{"PrincipalSID":"S-1-5-21-405608879-3187717380-1996298813-519","PrincipalType":"Group","RightName":"WriteDacl","IsInherited":false},{"PrincipalSID":"S-1-5-21-405608879-3187717380-1996298813-519","PrincipalType":"Group","RightName":"WriteOwner","IsInherited":false},{"PrincipalSID":"S-1-5-21-405608879-3187717380-1996298813-519","PrincipalType":"Group","RightName":"GenericWrite","IsInherited":false}],"ObjectIdentifier":"S-1-5-21-405608879-3187717380-1996298813-519","IsDeleted":false,"IsACLProtected":true},{"Properties":{"domain":"ACTIVE.HTB","name":"DOMAIN ADMINS@ACTIVE.HTB","distinguishedname":"CN=DOMAIN ADMINS,CN=USERS,DC=ACTIVE,DC=HTB","domainsid":"S-1-5-21-405608879-3187717380-1996298813","highvalue":true,"samaccountname":"Domain Admins","description":"Designated administrators of the domain","whencreated":1531914637,"admincount":true},"Members":[{"ObjectIdentifier":"S-1-5-21-405608879-3187717380-1996298813-500","ObjectType":"User"}],"Aces":[{"PrincipalSID":"S-1-5-21-405608879-3187717380-1996298813-512","PrincipalType":"Group","RightName":"Owns","IsInherited":false},{"PrincipalSID":"ACTIVE.HTB-S-1-5-32-544","PrincipalType":"Group","RightName":"WriteDacl","IsInherited":false},{"PrincipalSID":"ACTIVE.HTB-S-1-5-32-544","PrincipalType":"Group","RightName":"WriteOwner","IsInherited":false},{"PrincipalSID":"ACTIVE.HTB-S-1-5-32-544","PrincipalType":"Group","RightName":"GenericWrite","IsInherited":false},{"PrincipalSID":"S-1-5-21-405608879-3187717380-1996298813-512","PrincipalType":"Group","RightName":"WriteDacl","IsInherited":false},{"PrincipalSID":"S-1-5-21-405608879-3187717380-1996298813-512","PrincipalType":"Group","RightName":"WriteOwner","IsInherited":false},{"PrincipalSID":"S-1-5-21-405608879-3187717380-1996298813-512","PrincipalType":"Group","RightName":"GenericWrite","IsInherited":false},{"PrincipalSID":"S-1-5-21-405608879-3187717380-1996298813-519","PrincipalType":"Group","RightName":"WriteDacl","IsInherited":false},{"PrincipalSID":"S-1-5-21-405608879-3187717380-1996298813-519","PrincipalType":"Group","RightName":"WriteOwner","IsInherited":false},{"PrincipalSID":"S-1-5-21-405608879-3187717380-1996298813-519","PrincipalType":"Group","RightName":"GenericWrite","IsInherited":false}],"ObjectIdentifier":"S-1-5-21-405608879-3187717380-1996298813-512","IsDeleted":false,"IsACLProtected":true},{"Properties":{"domain":"ACTIVE.HTB","name":"GROUP POLICY CREATOR OWNERS@ACTIVE.HTB","distinguishedname":"CN=GROUP POLICY CREATOR OWNERS,CN=USERS,DC=ACTIVE,DC=HTB","domainsid":"S-1-5-21-405608879-3187717380-1996298813","highvalue":false,"samaccountname":"Group Policy Creator Owners","description":"Members in this group can modify group policy for the domain","whencreated":1531914637,"admincount":false},"Members":[{"ObjectIdentifier":"S-1-5-21-405608879-3187717380-1996298813-500","ObjectType":"User"}],"Aces":[{"PrincipalSID":"S-1-5-21-405608879-3187717380-1996298813-512","PrincipalType":"Group","RightName":"Owns","IsInherited":false},{"PrincipalSID":"ACTIVE.HTB-S-1-5-32-548","PrincipalType":"Group","RightName":"GenericAll","IsInherited":false},{"PrincipalSID":"S-1-5-21-405608879-3187717380-1996298813-512","PrincipalType":"Group","RightName":"GenericAll","IsInherited":false},{"PrincipalSID":"ACTIVE.HTB-S-1-5-32-544","PrincipalType":"Group","RightName":"WriteDacl","IsInherited":true},{"PrincipalSID":"ACTIVE.HTB-S-1-5-32-544","PrincipalType":"Group","RightName":"WriteOwner","IsInherited":true},{"PrincipalSID":"ACTIVE.HTB-S-1-5-32-544","PrincipalType":"Group","RightName":"GenericWrite","IsInherited":true},{"PrincipalSID":"S-1-5-21-405608879-3187717380-1996298813-519","PrincipalType":"Group","RightName":"GenericAll","IsInherited":true}],"ObjectIdentifier":"S-1-5-21-405608879-3187717380-1996298813-520","IsDeleted":false,"IsACLProtected":false},{"Properties":{"domain":"ACTIVE.HTB","name":"SERVER OPERATORS@ACTIVE.HTB","distinguishedname":"CN=SERVER OPERATORS,CN=BUILTIN,DC=ACTIVE,DC=HTB","domainsid":null,"highvalue":true,"samaccountname":"Server Operators","description":"Members can administer domain servers","whencreated":1531914637,"admincount":true},"Members":[],"Aces":[{"PrincipalSID":"S-1-5-21-405608879-3187717380-1996298813-512","PrincipalType":"Group","RightName":"Owns","IsInherited":false},{"PrincipalSID":"ACTIVE.HTB-S-1-5-32-544","PrincipalType":"Group","RightName":"WriteDacl","IsInherited":false},{"PrincipalSID":"ACTIVE.HTB-S-1-5-32-544","PrincipalType":"Group","RightName":"WriteOwner","IsInherited":false},{"PrincipalSID":"ACTIVE.HTB-S-1-5-32-544","PrincipalType":"Group","RightName":"GenericWrite","IsInherited":false},{"PrincipalSID":"S-1-5-21-405608879-3187717380-1996298813-512","PrincipalType":"Group","RightName":"WriteDacl","IsInherited":false},{"PrincipalSID":"S-1-5-21-405608879-3187717380-1996298813-512","PrincipalType":"Group","RightName":"WriteOwner","IsInherited":false},{"PrincipalSID":"S-1-5-21-405608879-3187717380-1996298813-512","PrincipalType":"Group","RightName":"GenericWrite","IsInherited":false},{"PrincipalSID":"S-1-5-21-405608879-3187717380-1996298813-519","PrincipalType":"Group","RightName":"WriteDacl","IsInherited":false},{"PrincipalSID":"S-1-5-21-405608879-3187717380-1996298813-519","PrincipalType":"Group","RightName":"WriteOwner","IsInherited":false},{"PrincipalSID":"S-1-5-21-405608879-3187717380-1996298813-519","PrincipalType":"Group","RightName":"GenericWrite","IsInherited":false}],"ObjectIdentifier":"ACTIVE.HTB-S-1-5-32-549","IsDeleted":false,"IsACLProtected":true},{"Properties":{"domain":"ACTIVE.HTB","name":"EVENT LOG READERS@ACTIVE.HTB","distinguishedname":"CN=EVENT LOG READERS,CN=BUILTIN,DC=ACTIVE,DC=HTB","domainsid":null,"highvalue":false,"samaccountname":"Event Log Readers","description":"Members of this group can read event logs from local machine","whencreated":1531914551,"admincount":false},"Members":[],"Aces":[{"PrincipalSID":"ACTIVE.HTB-S-1-5-32-544","PrincipalType":"Group","RightName":"Owns","IsInherited":false},{"PrincipalSID":"ACTIVE.HTB-S-1-5-32-548","PrincipalType":"Group","RightName":"GenericAll","IsInherited":false},{"PrincipalSID":"S-1-5-21-405608879-3187717380-1996298813-512","PrincipalType":"Group","RightName":"GenericAll","IsInherited":false},{"PrincipalSID":"S-1-5-21-405608879-3187717380-1996298813-519","PrincipalType":"Group","RightName":"GenericAll","IsInherited":true},{"PrincipalSID":"ACTIVE.HTB-S-1-5-32-544","PrincipalType":"Group","RightName":"WriteDacl","IsInherited":true},{"PrincipalSID":"ACTIVE.HTB-S-1-5-32-544","PrincipalType":"Group","RightName":"WriteOwner","IsInherited":true},{"PrincipalSID":"ACTIVE.HTB-S-1-5-32-544","PrincipalType":"Group","RightName":"GenericWrite","IsInherited":true}],"ObjectIdentifier":"ACTIVE.HTB-S-1-5-32-573","IsDeleted":false,"IsACLProtected":false},{"Properties":{"domain":"ACTIVE.HTB","name":"RAS AND IAS SERVERS@ACTIVE.HTB","distinguishedname":"CN=RAS AND IAS SERVERS,CN=USERS,DC=ACTIVE,DC=HTB","domainsid":"S-1-5-21-405608879-3187717380-1996298813","highvalue":false,"samaccountname":"RAS and IAS Servers","description":"Servers in this group can access remote access properties of users","whencreated":1531914637,"admincount":false},"Members":[],"Aces":[{"PrincipalSID":"S-1-5-21-405608879-3187717380-1996298813-512","PrincipalType":"Group","RightName":"Owns","IsInherited":false},{"PrincipalSID":"ACTIVE.HTB-S-1-5-32-548","PrincipalType":"Group","RightName":"GenericAll","IsInherited":false},{"PrincipalSID":"S-1-5-21-405608879-3187717380-1996298813-512","PrincipalType":"Group","RightName":"GenericAll","IsInherited":false},{"PrincipalSID":"ACTIVE.HTB-S-1-5-32-544","PrincipalType":"Group","RightName":"WriteDacl","IsInherited":true},{"PrincipalSID":"ACTIVE.HTB-S-1-5-32-544","PrincipalType":"Group","RightName":"WriteOwner","IsInherited":true},{"PrincipalSID":"ACTIVE.HTB-S-1-5-32-544","PrincipalType":"Group","RightName":"GenericWrite","IsInherited":true},{"PrincipalSID":"S-1-5-21-405608879-3187717380-1996298813-519","PrincipalType":"Group","RightName":"GenericAll","IsInherited":true}],"ObjectIdentifier":"S-1-5-21-405608879-3187717380-1996298813-553","IsDeleted":false,"IsACLProtected":false},{"Properties":{"domain":"ACTIVE.HTB","name":"DOMAIN COMPUTERS@ACTIVE.HTB","distinguishedname":"CN=DOMAIN COMPUTERS,CN=USERS,DC=ACTIVE,DC=HTB","domainsid":"S-1-5-21-405608879-3187717380-1996298813","highvalue":false,"samaccountname":"Domain Computers","description":"All workstations and servers joined to the domain","whencreated":1531914637,"admincount":false},"Members":[],"Aces":[{"PrincipalSID":"S-1-5-21-405608879-3187717380-1996298813-512","PrincipalType":"Group","RightName":"Owns","IsInherited":false},{"PrincipalSID":"ACTIVE.HTB-S-1-5-32-548","PrincipalType":"Group","RightName":"GenericAll","IsInherited":false},{"PrincipalSID":"S-1-5-21-405608879-3187717380-1996298813-512","PrincipalType":"Group","RightName":"GenericAll","IsInherited":false},{"PrincipalSID":"ACTIVE.HTB-S-1-5-32-544","PrincipalType":"Group","RightName":"WriteDacl","IsInherited":true},{"PrincipalSID":"ACTIVE.HTB-S-1-5-32-544","PrincipalType":"Group","RightName":"WriteOwner","IsInherited":true},{"PrincipalSID":"ACTIVE.HTB-S-1-5-32-544","PrincipalType":"Group","RightName":"GenericWrite","IsInherited":true},{"PrincipalSID":"S-1-5-21-405608879-3187717380-1996298813-519","PrincipalType":"Group","RightName":"GenericAll","IsInherited":true}],"ObjectIdentifier":"S-1-5-21-405608879-3187717380-1996298813-515","IsDeleted":false,"IsACLProtected":false},{"Properties":{"domain":"ACTIVE.HTB","name":"ACCOUNT OPERATORS@ACTIVE.HTB","distinguishedname":"CN=ACCOUNT OPERATORS,CN=BUILTIN,DC=ACTIVE,DC=HTB","domainsid":null,"highvalue":true,"samaccountname":"Account Operators","description":"Members can administer domain user and group accounts","whencreated":1531914637,"admincount":true},"Members":[],"Aces":[{"PrincipalSID":"S-1-5-21-405608879-3187717380-1996298813-512","PrincipalType":"Group","RightName":"Owns","IsInherited":false},{"PrincipalSID":"ACTIVE.HTB-S-1-5-32-544","PrincipalType":"Group","RightName":"WriteDacl","IsInherited":false},{"PrincipalSID":"ACTIVE.HTB-S-1-5-32-544","PrincipalType":"Group","RightName":"WriteOwner","IsInherited":false},{"PrincipalSID":"ACTIVE.HTB-S-1-5-32-544","PrincipalType":"Group","RightName":"GenericWrite","IsInherited":false},{"PrincipalSID":"S-1-5-21-405608879-3187717380-1996298813-512","PrincipalType":"Group","RightName":"WriteDacl","IsInherited":false},{"PrincipalSID":"S-1-5-21-405608879-3187717380-1996298813-512","PrincipalType":"Group","RightName":"WriteOwner","IsInherited":false},{"PrincipalSID":"S-1-5-21-405608879-3187717380-1996298813-512","PrincipalType":"Group","RightName":"GenericWrite","IsInherited":false},{"PrincipalSID":"S-1-5-21-405608879-3187717380-1996298813-519","PrincipalType":"Group","RightName":"WriteDacl","IsInherited":false},{"PrincipalSID":"S-1-5-21-405608879-3187717380-1996298813-519","PrincipalType":"Group","RightName":"WriteOwner","IsInherited":false},{"PrincipalSID":"S-1-5-21-405608879-3187717380-1996298813-519","PrincipalType":"Group","RightName":"GenericWrite","IsInherited":false}],"ObjectIdentifier":"ACTIVE.HTB-S-1-5-32-548","IsDeleted":false,"IsACLProtected":true},{"Properties":{"domain":"ACTIVE.HTB","name":"DENIED RODC PASSWORD REPLICATION GROUP@ACTIVE.HTB","distinguishedname":"CN=DENIED RODC PASSWORD REPLICATION GROUP,CN=USERS,DC=ACTIVE,DC=HTB","domainsid":"S-1-5-21-405608879-3187717380-1996298813","highvalue":false,"samaccountname":"Denied RODC Password Replication Group","description":"Members in this group cannot have their passwords replicated to any read-only domain controllers in the domain","whencreated":1531914637,"admincount":false},"Members":[{"ObjectIdentifier":"S-1-5-21-405608879-3187717380-1996298813-521","ObjectType":"Group"},{"ObjectIdentifier":"S-1-5-21-405608879-3187717380-1996298813-520","ObjectType":"Group"},{"ObjectIdentifier":"S-1-5-21-405608879-3187717380-1996298813-512","ObjectType":"Group"},{"ObjectIdentifier":"S-1-5-21-405608879-3187717380-1996298813-517","ObjectType":"Group"},{"ObjectIdentifier":"S-1-5-21-405608879-3187717380-1996298813-519","ObjectType":"Group"},{"ObjectIdentifier":"S-1-5-21-405608879-3187717380-1996298813-518","ObjectType":"Group"},{"ObjectIdentifier":"S-1-5-21-405608879-3187717380-1996298813-516","ObjectType":"Group"},{"ObjectIdentifier":"S-1-5-21-405608879-3187717380-1996298813-502","ObjectType":"User"}],"Aces":[{"PrincipalSID":"S-1-5-21-405608879-3187717380-1996298813-512","PrincipalType":"Group","RightName":"Owns","IsInherited":false},{"PrincipalSID":"ACTIVE.HTB-S-1-5-32-548","PrincipalType":"Group","RightName":"GenericAll","IsInherited":false},{"PrincipalSID":"S-1-5-21-405608879-3187717380-1996298813-512","PrincipalType":"Group","RightName":"GenericAll","IsInherited":false},{"PrincipalSID":"ACTIVE.HTB-S-1-5-32-544","PrincipalType":"Group","RightName":"WriteDacl","IsInherited":true},{"PrincipalSID":"ACTIVE.HTB-S-1-5-32-544","PrincipalType":"Group","RightName":"WriteOwner","IsInherited":true},{"PrincipalSID":"ACTIVE.HTB-S-1-5-32-544","PrincipalType":"Group","RightName":"GenericWrite","IsInherited":true},{"PrincipalSID":"S-1-5-21-405608879-3187717380-1996298813-519","PrincipalType":"Group","RightName":"GenericAll","IsInherited":true}],"ObjectIdentifier":"S-1-5-21-405608879-3187717380-1996298813-572","IsDeleted":false,"IsACLProtected":false},{"Properties":{"domain":"ACTIVE.HTB","name":"CERTIFICATE SERVICE DCOM ACCESS@ACTIVE.HTB","distinguishedname":"CN=CERTIFICATE SERVICE DCOM ACCESS,CN=BUILTIN,DC=ACTIVE,DC=HTB","domainsid":null,"highvalue":false,"samaccountname":"Certificate Service DCOM Access","description":"Members of this group are allowed to connect to Certification Authorities in the enterprise","whencreated":1531914551,"admincount":false},"Members":[],"Aces":[{"PrincipalSID":"ACTIVE.HTB-S-1-5-32-544","PrincipalType":"Group","RightName":"Owns","IsInherited":false},{"PrincipalSID":"ACTIVE.HTB-S-1-5-32-548","PrincipalType":"Group","RightName":"GenericAll","IsInherited":false},{"PrincipalSID":"S-1-5-21-405608879-3187717380-1996298813-512","PrincipalType":"Group","RightName":"GenericAll","IsInherited":false},{"PrincipalSID":"S-1-5-21-405608879-3187717380-1996298813-519","PrincipalType":"Group","RightName":"GenericAll","IsInherited":true},{"PrincipalSID":"ACTIVE.HTB-S-1-5-32-544","PrincipalType":"Group","RightName":"WriteDacl","IsInherited":true},{"PrincipalSID":"ACTIVE.HTB-S-1-5-32-544","PrincipalType":"Group","RightName":"WriteOwner","IsInherited":true},{"PrincipalSID":"ACTIVE.HTB-S-1-5-32-544","PrincipalType":"Group","RightName":"GenericWrite","IsInherited":true}],"ObjectIdentifier":"ACTIVE.HTB-S-1-5-32-574","IsDeleted":false,"IsACLProtected":false},{"Properties":{"domain":"ACTIVE.HTB","name":"REPLICATORS@ACTIVE.HTB","distinguishedname":"CN=REPLICATOR,CN=BUILTIN,DC=ACTIVE,DC=HTB","domainsid":null,"highvalue":false,"samaccountname":"Replicator","description":"Supports file replication in a domain","whencreated":1531914551,"admincount":true},"Members":[],"Aces":[{"PrincipalSID":"S-1-5-21-405608879-3187717380-1996298813-512","PrincipalType":"Group","RightName":"Owns","IsInherited":false},{"PrincipalSID":"ACTIVE.HTB-S-1-5-32-544","PrincipalType":"Group","RightName":"WriteDacl","IsInherited":false},{"PrincipalSID":"ACTIVE.HTB-S-1-5-32-544","PrincipalType":"Group","RightName":"WriteOwner","IsInherited":false},{"PrincipalSID":"ACTIVE.HTB-S-1-5-32-544","PrincipalType":"Group","RightName":"GenericWrite","IsInherited":false},{"PrincipalSID":"S-1-5-21-405608879-3187717380-1996298813-512","PrincipalType":"Group","RightName":"WriteDacl","IsInherited":false},{"PrincipalSID":"S-1-5-21-405608879-3187717380-1996298813-512","PrincipalType":"Group","RightName":"WriteOwner","IsInherited":false},{"PrincipalSID":"S-1-5-21-405608879-3187717380-1996298813-512","PrincipalType":"Group","RightName":"GenericWrite","IsInherited":false},{"PrincipalSID":"S-1-5-21-405608879-3187717380-1996298813-519","PrincipalType":"Group","RightName":"WriteDacl","IsInherited":false},{"PrincipalSID":"S-1-5-21-405608879-3187717380-1996298813-519","PrincipalType":"Group","RightName":"WriteOwner","IsInherited":false},{"PrincipalSID":"S-1-5-21-405608879-3187717380-1996298813-519","PrincipalType":"Group","RightName":"GenericWrite","IsInherited":false}],"ObjectIdentifier":"ACTIVE.HTB-S-1-5-32-552","IsDeleted":false,"IsACLProtected":true},{"Properties":{"domain":"ACTIVE.HTB","name":"ENTERPRISE READ-ONLY DOMAIN CONTROLLERS@ACTIVE.HTB","distinguishedname":"CN=ENTERPRISE READ-ONLY DOMAIN CONTROLLERS,CN=USERS,DC=ACTIVE,DC=HTB","domainsid":"S-1-5-21-405608879-3187717380-1996298813","highvalue":false,"samaccountname":"Enterprise Read-only Domain Controllers","description":"Members of this group are Read-Only Domain Controllers in the enterprise","whencreated":1531914637,"admincount":false},"Members":[],"Aces":[{"PrincipalSID":"S-1-5-21-405608879-3187717380-1996298813-512","PrincipalType":"Group","RightName":"Owns","IsInherited":false},{"PrincipalSID":"ACTIVE.HTB-S-1-5-32-548","PrincipalType":"Group","RightName":"GenericAll","IsInherited":false},{"PrincipalSID":"S-1-5-21-405608879-3187717380-1996298813-512","PrincipalType":"Group","RightName":"GenericAll","IsInherited":false},{"PrincipalSID":"ACTIVE.HTB-S-1-5-32-544","PrincipalType":"Group","RightName":"WriteDacl","IsInherited":true},{"PrincipalSID":"ACTIVE.HTB-S-1-5-32-544","PrincipalType":"Group","RightName":"WriteOwner","IsInherited":true},{"PrincipalSID":"ACTIVE.HTB-S-1-5-32-544","PrincipalType":"Group","RightName":"GenericWrite","IsInherited":true},{"PrincipalSID":"S-1-5-21-405608879-3187717380-1996298813-519","PrincipalType":"Group","RightName":"GenericAll","IsInherited":true}],"ObjectIdentifier":"S-1-5-21-405608879-3187717380-1996298813-498","IsDeleted":false,"IsACLProtected":false},{"Properties":{"domain":"ACTIVE.HTB","name":"DOMAIN CONTROLLERS@ACTIVE.HTB","distinguishedname":"CN=DOMAIN CONTROLLERS,CN=USERS,DC=ACTIVE,DC=HTB","domainsid":"S-1-5-21-405608879-3187717380-1996298813","highvalue":true,"samaccountname":"Domain Controllers","description":"All domain controllers in the domain","whencreated":1531914637,"admincount":true},"Members":[],"Aces":[{"PrincipalSID":"S-1-5-21-405608879-3187717380-1996298813-512","PrincipalType":"Group","RightName":"Owns","IsInherited":false},{"PrincipalSID":"ACTIVE.HTB-S-1-5-32-544","PrincipalType":"Group","RightName":"WriteDacl","IsInherited":false},{"PrincipalSID":"ACTIVE.HTB-S-1-5-32-544","PrincipalType":"Group","RightName":"WriteOwner","IsInherited":false},{"PrincipalSID":"ACTIVE.HTB-S-1-5-32-544","PrincipalType":"Group","RightName":"GenericWrite","IsInherited":false},{"PrincipalSID":"S-1-5-21-405608879-3187717380-1996298813-512","PrincipalType":"Group","RightName":"WriteDacl","IsInherited":false},{"PrincipalSID":"S-1-5-21-405608879-3187717380-1996298813-512","PrincipalType":"Group","RightName":"WriteOwner","IsInherited":false},{"PrincipalSID":"S-1-5-21-405608879-3187717380-1996298813-512","PrincipalType":"Group","RightName":"GenericWrite","IsInherited":false},{"PrincipalSID":"S-1-5-21-405608879-3187717380-1996298813-519","PrincipalType":"Group","RightName":"WriteDacl","IsInherited":false},{"PrincipalSID":"S-1-5-21-405608879-3187717380-1996298813-519","PrincipalType":"Group","RightName":"WriteOwner","IsInherited":false},{"PrincipalSID":"S-1-5-21-405608879-3187717380-1996298813-519","PrincipalType":"Group","RightName":"GenericWrite","IsInherited":false}],"ObjectIdentifier":"S-1-5-21-405608879-3187717380-1996298813-516","IsDeleted":false,"IsACLProtected":true},{"Properties":{"domain":"ACTIVE.HTB","name":"PERFORMANCE LOG USERS@ACTIVE.HTB","distinguishedname":"CN=PERFORMANCE LOG USERS,CN=BUILTIN,DC=ACTIVE,DC=HTB","domainsid":null,"highvalue":false,"samaccountname":"Performance Log Users","description":"Members of this group may schedule logging of performance counters, enable trace providers, and collect event traces both locally and via remote access to this computer","whencreated":1531914551,"admincount":false},"Members":[],"Aces":[{"PrincipalSID":"ACTIVE.HTB-S-1-5-32-544","PrincipalType":"Group","RightName":"Owns","IsInherited":false},{"PrincipalSID":"ACTIVE.HTB-S-1-5-32-548","PrincipalType":"Group","RightName":"GenericAll","IsInherited":false},{"PrincipalSID":"S-1-5-21-405608879-3187717380-1996298813-512","PrincipalType":"Group","RightName":"GenericAll","IsInherited":false},{"PrincipalSID":"S-1-5-21-405608879-3187717380-1996298813-519","PrincipalType":"Group","RightName":"GenericAll","IsInherited":true},{"PrincipalSID":"ACTIVE.HTB-S-1-5-32-544","PrincipalType":"Group","RightName":"WriteDacl","IsInherited":true},{"PrincipalSID":"ACTIVE.HTB-S-1-5-32-544","PrincipalType":"Group","RightName":"WriteOwner","IsInherited":true},{"PrincipalSID":"ACTIVE.HTB-S-1-5-32-544","PrincipalType":"Group","RightName":"GenericWrite","IsInherited":true}],"ObjectIdentifier":"ACTIVE.HTB-S-1-5-32-559","IsDeleted":false,"IsACLProtected":false},{"Properties":{"domain":"ACTIVE.HTB","name":"DOMAIN USERS@ACTIVE.HTB","distinguishedname":"CN=DOMAIN USERS,CN=USERS,DC=ACTIVE,DC=HTB","domainsid":"S-1-5-21-405608879-3187717380-1996298813","highvalue":false,"samaccountname":"Domain Users","description":"All domain users","whencreated":1531914637,"admincount":false},"Members":[],"Aces":[{"PrincipalSID":"S-1-5-21-405608879-3187717380-1996298813-512","PrincipalType":"Group","RightName":"Owns","IsInherited":false},{"PrincipalSID":"ACTIVE.HTB-S-1-5-32-548","PrincipalType":"Group","RightName":"GenericAll","IsInherited":false},{"PrincipalSID":"S-1-5-21-405608879-3187717380-1996298813-512","PrincipalType":"Group","RightName":"GenericAll","IsInherited":false},{"PrincipalSID":"ACTIVE.HTB-S-1-5-32-544","PrincipalType":"Group","RightName":"WriteDacl","IsInherited":true},{"PrincipalSID":"ACTIVE.HTB-S-1-5-32-544","PrincipalType":"Group","RightName":"WriteOwner","IsInherited":true},{"PrincipalSID":"ACTIVE.HTB-S-1-5-32-544","PrincipalType":"Group","RightName":"GenericWrite","IsInherited":true},{"PrincipalSID":"S-1-5-21-405608879-3187717380-1996298813-519","PrincipalType":"Group","RightName":"GenericAll","IsInherited":true}],"ObjectIdentifier":"S-1-5-21-405608879-3187717380-1996298813-513","IsDeleted":false,"IsACLProtected":false},{"Properties":{"domain":"ACTIVE.HTB","name":"DOMAIN GUESTS@ACTIVE.HTB","distinguishedname":"CN=DOMAIN GUESTS,CN=USERS,DC=ACTIVE,DC=HTB","domainsid":"S-1-5-21-405608879-3187717380-1996298813","highvalue":false,"samaccountname":"Domain Guests","description":"All domain guests","whencreated":1531914637,"admincount":false},"Members":[],"Aces":[{"PrincipalSID":"S-1-5-21-405608879-3187717380-1996298813-512","PrincipalType":"Group","RightName":"Owns","IsInherited":false},{"PrincipalSID":"ACTIVE.HTB-S-1-5-32-548","PrincipalType":"Group","RightName":"GenericAll","IsInherited":false},{"PrincipalSID":"S-1-5-21-405608879-3187717380-1996298813-512","PrincipalType":"Group","RightName":"GenericAll","IsInherited":false},{"PrincipalSID":"ACTIVE.HTB-S-1-5-32-544","PrincipalType":"Group","RightName":"WriteDacl","IsInherited":true},{"PrincipalSID":"ACTIVE.HTB-S-1-5-32-544","PrincipalType":"Group","RightName":"WriteOwner","IsInherited":true},{"PrincipalSID":"ACTIVE.HTB-S-1-5-32-544","PrincipalType":"Group","RightName":"GenericWrite","IsInherited":true},{"PrincipalSID":"S-1-5-21-405608879-3187717380-1996298813-519","PrincipalType":"Group","RightName":"GenericAll","IsInherited":true}],"ObjectIdentifier":"S-1-5-21-405608879-3187717380-1996298813-514","IsDeleted":false,"IsACLProtected":false},{"Properties":{"domain":"ACTIVE.HTB","name":"REMOTE DESKTOP USERS@ACTIVE.HTB","distinguishedname":"CN=REMOTE DESKTOP USERS,CN=BUILTIN,DC=ACTIVE,DC=HTB","domainsid":null,"highvalue":false,"samaccountname":"Remote Desktop Users","description":"Members in this group are granted the right to logon remotely","whencreated":1531914551,"admincount":false},"Members":[],"Aces":[{"PrincipalSID":"ACTIVE.HTB-S-1-5-32-544","PrincipalType":"Group","RightName":"Owns","IsInherited":false},{"PrincipalSID":"ACTIVE.HTB-S-1-5-32-548","PrincipalType":"Group","RightName":"GenericAll","IsInherited":false},{"PrincipalSID":"S-1-5-21-405608879-3187717380-1996298813-512","PrincipalType":"Group","RightName":"GenericAll","IsInherited":false},{"PrincipalSID":"S-1-5-21-405608879-3187717380-1996298813-519","PrincipalType":"Group","RightName":"GenericAll","IsInherited":true},{"PrincipalSID":"ACTIVE.HTB-S-1-5-32-544","PrincipalType":"Group","RightName":"WriteDacl","IsInherited":true},{"PrincipalSID":"ACTIVE.HTB-S-1-5-32-544","PrincipalType":"Group","RightName":"WriteOwner","IsInherited":true},{"PrincipalSID":"ACTIVE.HTB-S-1-5-32-544","PrincipalType":"Group","RightName":"GenericWrite","IsInherited":true}],"ObjectIdentifier":"ACTIVE.HTB-S-1-5-32-555","IsDeleted":false,"IsACLProtected":false},{"Properties":{"domain":"ACTIVE.HTB","name":"READ-ONLY DOMAIN CONTROLLERS@ACTIVE.HTB","distinguishedname":"CN=READ-ONLY DOMAIN CONTROLLERS,CN=USERS,DC=ACTIVE,DC=HTB","domainsid":"S-1-5-21-405608879-3187717380-1996298813","highvalue":false,"samaccountname":"Read-only Domain Controllers","description":"Members of this group are Read-Only Domain Controllers in the domain","whencreated":1531914637,"admincount":true},"Members":[],"Aces":[{"PrincipalSID":"S-1-5-21-405608879-3187717380-1996298813-512","PrincipalType":"Group","RightName":"Owns","IsInherited":false},{"PrincipalSID":"ACTIVE.HTB-S-1-5-32-544","PrincipalType":"Group","RightName":"WriteDacl","IsInherited":false},{"PrincipalSID":"ACTIVE.HTB-S-1-5-32-544","PrincipalType":"Group","RightName":"WriteOwner","IsInherited":false},{"PrincipalSID":"ACTIVE.HTB-S-1-5-32-544","PrincipalType":"Group","RightName":"GenericWrite","IsInherited":false},{"PrincipalSID":"S-1-5-21-405608879-3187717380-1996298813-512","PrincipalType":"Group","RightName":"WriteDacl","IsInherited":false},{"PrincipalSID":"S-1-5-21-405608879-3187717380-1996298813-512","PrincipalType":"Group","RightName":"WriteOwner","IsInherited":false},{"PrincipalSID":"S-1-5-21-405608879-3187717380-1996298813-512","PrincipalType":"Group","RightName":"GenericWrite","IsInherited":false},{"PrincipalSID":"S-1-5-21-405608879-3187717380-1996298813-519","PrincipalType":"Group","RightName":"WriteDacl","IsInherited":false},{"PrincipalSID":"S-1-5-21-405608879-3187717380-1996298813-519","PrincipalType":"Group","RightName":"WriteOwner","IsInherited":false},{"PrincipalSID":"S-1-5-21-405608879-3187717380-1996298813-519","PrincipalType":"Group","RightName":"GenericWrite","IsInherited":false}],"ObjectIdentifier":"S-1-5-21-405608879-3187717380-1996298813-521","IsDeleted":false,"IsACLProtected":true},{"Properties":{"domain":"ACTIVE.HTB","name":"GUESTS@ACTIVE.HTB","distinguishedname":"CN=GUESTS,CN=BUILTIN,DC=ACTIVE,DC=HTB","domainsid":null,"highvalue":false,"samaccountname":"Guests","description":"Guests have the same access as members of the Users group by default, except for the Guest account which is further restricted","whencreated":1531914551,"admincount":false},"Members":[{"ObjectIdentifier":"S-1-5-21-405608879-3187717380-1996298813-514","ObjectType":"Group"},{"ObjectIdentifier":"S-1-5-21-405608879-3187717380-1996298813-501","ObjectType":"User"}],"Aces":[{"PrincipalSID":"ACTIVE.HTB-S-1-5-32-544","PrincipalType":"Group","RightName":"Owns","IsInherited":false},{"PrincipalSID":"ACTIVE.HTB-S-1-5-32-548","PrincipalType":"Group","RightName":"GenericAll","IsInherited":false},{"PrincipalSID":"S-1-5-21-405608879-3187717380-1996298813-512","PrincipalType":"Group","RightName":"GenericAll","IsInherited":false},{"PrincipalSID":"S-1-5-21-405608879-3187717380-1996298813-519","PrincipalType":"Group","RightName":"GenericAll","IsInherited":true},{"PrincipalSID":"ACTIVE.HTB-S-1-5-32-544","PrincipalType":"Group","RightName":"WriteDacl","IsInherited":true},{"PrincipalSID":"ACTIVE.HTB-S-1-5-32-544","PrincipalType":"Group","RightName":"WriteOwner","IsInherited":true},{"PrincipalSID":"ACTIVE.HTB-S-1-5-32-544","PrincipalType":"Group","RightName":"GenericWrite","IsInherited":true}],"ObjectIdentifier":"ACTIVE.HTB-S-1-5-32-546","IsDeleted":false,"IsACLProtected":false},{"Properties":{"domain":"ACTIVE.HTB","name":"DISTRIBUTED COM USERS@ACTIVE.HTB","distinguishedname":"CN=DISTRIBUTED COM USERS,CN=BUILTIN,DC=ACTIVE,DC=HTB","domainsid":null,"highvalue":false,"samaccountname":"Distributed COM Users","description":"Members are allowed to launch, activate and use Distributed COM objects on this machine.","whencreated":1531914551,"admincount":false},"Members":[],"Aces":[{"PrincipalSID":"ACTIVE.HTB-S-1-5-32-544","PrincipalType":"Group","RightName":"Owns","IsInherited":false},{"PrincipalSID":"ACTIVE.HTB-S-1-5-32-548","PrincipalType":"Group","RightName":"GenericAll","IsInherited":false},{"PrincipalSID":"S-1-5-21-405608879-3187717380-1996298813-512","PrincipalType":"Group","RightName":"GenericAll","IsInherited":false},{"PrincipalSID":"S-1-5-21-405608879-3187717380-1996298813-519","PrincipalType":"Group","RightName":"GenericAll","IsInherited":true},{"PrincipalSID":"ACTIVE.HTB-S-1-5-32-544","PrincipalType":"Group","RightName":"WriteDacl","IsInherited":true},{"PrincipalSID":"ACTIVE.HTB-S-1-5-32-544","PrincipalType":"Group","RightName":"WriteOwner","IsInherited":true},{"PrincipalSID":"ACTIVE.HTB-S-1-5-32-544","PrincipalType":"Group","RightName":"GenericWrite","IsInherited":true}],"ObjectIdentifier":"ACTIVE.HTB-S-1-5-32-562","IsDeleted":false,"IsACLProtected":false},{"Properties":{"domain":"ACTIVE.HTB","name":"PRINT OPERATORS@ACTIVE.HTB","distinguishedname":"CN=PRINT OPERATORS,CN=BUILTIN,DC=ACTIVE,DC=HTB","domainsid":null,"highvalue":true,"samaccountname":"Print Operators","description":"Members can administer domain printers","whencreated":1531914551,"admincount":true},"Members":[],"Aces":[{"PrincipalSID":"S-1-5-21-405608879-3187717380-1996298813-512","PrincipalType":"Group","RightName":"Owns","IsInherited":false},{"PrincipalSID":"ACTIVE.HTB-S-1-5-32-544","PrincipalType":"Group","RightName":"WriteDacl","IsInherited":false},{"PrincipalSID":"ACTIVE.HTB-S-1-5-32-544","PrincipalType":"Group","RightName":"WriteOwner","IsInherited":false},{"PrincipalSID":"ACTIVE.HTB-S-1-5-32-544","PrincipalType":"Group","RightName":"GenericWrite","IsInherited":false},{"PrincipalSID":"S-1-5-21-405608879-3187717380-1996298813-512","PrincipalType":"Group","RightName":"WriteDacl","IsInherited":false},{"PrincipalSID":"S-1-5-21-405608879-3187717380-1996298813-512","PrincipalType":"Group","RightName":"WriteOwner","IsInherited":false},{"PrincipalSID":"S-1-5-21-405608879-3187717380-1996298813-512","PrincipalType":"Group","RightName":"GenericWrite","IsInherited":false},{"PrincipalSID":"S-1-5-21-405608879-3187717380-1996298813-519","PrincipalType":"Group","RightName":"WriteDacl","IsInherited":false},{"PrincipalSID":"S-1-5-21-405608879-3187717380-1996298813-519","PrincipalType":"Group","RightName":"WriteOwner","IsInherited":false},{"PrincipalSID":"S-1-5-21-405608879-3187717380-1996298813-519","PrincipalType":"Group","RightName":"GenericWrite","IsInherited":false}],"ObjectIdentifier":"ACTIVE.HTB-S-1-5-32-550","IsDeleted":false,"IsACLProtected":true},{"Properties":{"domain":"ACTIVE.HTB","name":"NETWORK CONFIGURATION OPERATORS@ACTIVE.HTB","distinguishedname":"CN=NETWORK CONFIGURATION OPERATORS,CN=BUILTIN,DC=ACTIVE,DC=HTB","domainsid":null,"highvalue":false,"samaccountname":"Network Configuration Operators","description":"Members in this group can have some administrative privileges to manage configuration of networking features","whencreated":1531914551,"admincount":false},"Members":[],"Aces":[{"PrincipalSID":"ACTIVE.HTB-S-1-5-32-544","PrincipalType":"Group","RightName":"Owns","IsInherited":false},{"PrincipalSID":"ACTIVE.HTB-S-1-5-32-548","PrincipalType":"Group","RightName":"GenericAll","IsInherited":false},{"PrincipalSID":"S-1-5-21-405608879-3187717380-1996298813-512","PrincipalType":"Group","RightName":"GenericAll","IsInherited":false},{"PrincipalSID":"S-1-5-21-405608879-3187717380-1996298813-519","PrincipalType":"Group","RightName":"GenericAll","IsInherited":true},{"PrincipalSID":"ACTIVE.HTB-S-1-5-32-544","PrincipalType":"Group","RightName":"WriteDacl","IsInherited":true},{"PrincipalSID":"ACTIVE.HTB-S-1-5-32-544","PrincipalType":"Group","RightName":"WriteOwner","IsInherited":true},{"PrincipalSID":"ACTIVE.HTB-S-1-5-32-544","PrincipalType":"Group","RightName":"GenericWrite","IsInherited":true}],"ObjectIdentifier":"ACTIVE.HTB-S-1-5-32-556","IsDeleted":false,"IsACLProtected":false},{"Properties":{"domain":"ACTIVE.HTB","name":"BACKUP OPERATORS@ACTIVE.HTB","distinguishedname":"CN=BACKUP OPERATORS,CN=BUILTIN,DC=ACTIVE,DC=HTB","domainsid":null,"highvalue":true,"samaccountname":"Backup Operators","description":"Backup Operators can override security restrictions for the sole purpose of backing up or restoring files","whencreated":1531914551,"admincount":true},"Members":[],"Aces":[{"PrincipalSID":"S-1-5-21-405608879-3187717380-1996298813-512","PrincipalType":"Group","RightName":"Owns","IsInherited":false},{"PrincipalSID":"ACTIVE.HTB-S-1-5-32-544","PrincipalType":"Group","RightName":"WriteDacl","IsInherited":false},{"PrincipalSID":"ACTIVE.HTB-S-1-5-32-544","PrincipalType":"Group","RightName":"WriteOwner","IsInherited":false},{"PrincipalSID":"ACTIVE.HTB-S-1-5-32-544","PrincipalType":"Group","RightName":"GenericWrite","IsInherited":false},{"PrincipalSID":"S-1-5-21-405608879-3187717380-1996298813-512","PrincipalType":"Group","RightName":"WriteDacl","IsInherited":false},{"PrincipalSID":"S-1-5-21-405608879-3187717380-1996298813-512","PrincipalType":"Group","RightName":"WriteOwner","IsInherited":false},{"PrincipalSID":"S-1-5-21-405608879-3187717380-1996298813-512","PrincipalType":"Group","RightName":"GenericWrite","IsInherited":false},{"PrincipalSID":"S-1-5-21-405608879-3187717380-1996298813-519","PrincipalType":"Group","RightName":"WriteDacl","IsInherited":false},{"PrincipalSID":"S-1-5-21-405608879-3187717380-1996298813-519","PrincipalType":"Group","RightName":"WriteOwner","IsInherited":false},{"PrincipalSID":"S-1-5-21-405608879-3187717380-1996298813-519","PrincipalType":"Group","RightName":"GenericWrite","IsInherited":false}],"ObjectIdentifier":"ACTIVE.HTB-S-1-5-32-551","IsDeleted":false,"IsACLProtected":true},{"Properties":{"domain":"ACTIVE.HTB","name":"IIS_IUSRS@ACTIVE.HTB","distinguishedname":"CN=IIS_IUSRS,CN=BUILTIN,DC=ACTIVE,DC=HTB","domainsid":null,"highvalue":false,"samaccountname":"IIS_IUSRS","description":"Built-in group used by Internet Information Services.","whencreated":1531914551,"admincount":false},"Members":[{"ObjectIdentifier":"ACTIVE.HTB-S-1-5-17","ObjectType":"Group"}],"Aces":[{"PrincipalSID":"ACTIVE.HTB-S-1-5-32-544","PrincipalType":"Group","RightName":"Owns","IsInherited":false},{"PrincipalSID":"ACTIVE.HTB-S-1-5-32-548","PrincipalType":"Group","RightName":"GenericAll","IsInherited":false},{"PrincipalSID":"S-1-5-21-405608879-3187717380-1996298813-512","PrincipalType":"Group","RightName":"GenericAll","IsInherited":false},{"PrincipalSID":"S-1-5-21-405608879-3187717380-1996298813-519","PrincipalType":"Group","RightName":"GenericAll","IsInherited":true},{"PrincipalSID":"ACTIVE.HTB-S-1-5-32-544","PrincipalType":"Group","RightName":"WriteDacl","IsInherited":true},{"PrincipalSID":"ACTIVE.HTB-S-1-5-32-544","PrincipalType":"Group","RightName":"WriteOwner","IsInherited":true},{"PrincipalSID":"ACTIVE.HTB-S-1-5-32-544","PrincipalType":"Group","RightName":"GenericWrite","IsInherited":true}],"ObjectIdentifier":"ACTIVE.HTB-S-1-5-32-568","IsDeleted":false,"IsACLProtected":false},{"Properties":{"domain":"ACTIVE.HTB","name":"TERMINAL SERVER LICENSE SERVERS@ACTIVE.HTB","distinguishedname":"CN=TERMINAL SERVER LICENSE SERVERS,CN=BUILTIN,DC=ACTIVE,DC=HTB","domainsid":null,"highvalue":false,"samaccountname":"Terminal Server License Servers","description":"Members of this group can update user accounts in Active Directory with information about license issuance, for the purpose of tracking and reporting TS Per User CAL usage","whencreated":1531914637,"admincount":false},"Members":[],"Aces":[{"PrincipalSID":"S-1-5-21-405608879-3187717380-1996298813-512","PrincipalType":"Group","RightName":"Owns","IsInherited":false},{"PrincipalSID":"ACTIVE.HTB-S-1-5-32-548","PrincipalType":"Group","RightName":"GenericAll","IsInherited":false},{"PrincipalSID":"S-1-5-21-405608879-3187717380-1996298813-512","PrincipalType":"Group","RightName":"GenericAll","IsInherited":false},{"PrincipalSID":"S-1-5-21-405608879-3187717380-1996298813-519","PrincipalType":"Group","RightName":"GenericAll","IsInherited":true},{"PrincipalSID":"ACTIVE.HTB-S-1-5-32-544","PrincipalType":"Group","RightName":"WriteDacl","IsInherited":true},{"PrincipalSID":"ACTIVE.HTB-S-1-5-32-544","PrincipalType":"Group","RightName":"WriteOwner","IsInherited":true},{"PrincipalSID":"ACTIVE.HTB-S-1-5-32-544","PrincipalType":"Group","RightName":"GenericWrite","IsInherited":true}],"ObjectIdentifier":"ACTIVE.HTB-S-1-5-32-561","IsDeleted":false,"IsACLProtected":false},{"Properties":{"domain":"ACTIVE.HTB","name":"PRE-WINDOWS 2000 COMPATIBLE ACCESS@ACTIVE.HTB","distinguishedname":"CN=PRE-WINDOWS 2000 COMPATIBLE ACCESS,CN=BUILTIN,DC=ACTIVE,DC=HTB","domainsid":null,"highvalue":false,"samaccountname":"Pre-Windows 2000 Compatible Access","description":"A backward compatibility group which allows read access on all users and groups in the domain","whencreated":1531914637,"admincount":false},"Members":[{"ObjectIdentifier":"ACTIVE.HTB-S-1-5-11","ObjectType":"Group"}],"Aces":[{"PrincipalSID":"S-1-5-21-405608879-3187717380-1996298813-512","PrincipalType":"Group","RightName":"Owns","IsInherited":false},{"PrincipalSID":"ACTIVE.HTB-S-1-5-32-548","PrincipalType":"Group","RightName":"GenericAll","IsInherited":false},{"PrincipalSID":"S-1-5-21-405608879-3187717380-1996298813-512","PrincipalType":"Group","RightName":"GenericAll","IsInherited":false},{"PrincipalSID":"S-1-5-21-405608879-3187717380-1996298813-519","PrincipalType":"Group","RightName":"GenericAll","IsInherited":true},{"PrincipalSID":"ACTIVE.HTB-S-1-5-32-544","PrincipalType":"Group","RightName":"WriteDacl","IsInherited":true},{"PrincipalSID":"ACTIVE.HTB-S-1-5-32-544","PrincipalType":"Group","RightName":"WriteOwner","IsInherited":true},{"PrincipalSID":"ACTIVE.HTB-S-1-5-32-544","PrincipalType":"Group","RightName":"GenericWrite","IsInherited":true}],"ObjectIdentifier":"ACTIVE.HTB-S-1-5-32-554","IsDeleted":false,"IsACLProtected":false},{"Properties":{"domain":"ACTIVE.HTB","name":"ALLOWED RODC PASSWORD REPLICATION GROUP@ACTIVE.HTB","distinguishedname":"CN=ALLOWED RODC PASSWORD REPLICATION GROUP,CN=USERS,DC=ACTIVE,DC=HTB","domainsid":"S-1-5-21-405608879-3187717380-1996298813","highvalue":false,"samaccountname":"Allowed RODC Password Replication Group","description":"Members in this group can have their passwords replicated to all read-only domain controllers in the domain","whencreated":1531914637,"admincount":false},"Members":[],"Aces":[{"PrincipalSID":"S-1-5-21-405608879-3187717380-1996298813-512","PrincipalType":"Group","RightName":"Owns","IsInherited":false},{"PrincipalSID":"ACTIVE.HTB-S-1-5-32-548","PrincipalType":"Group","RightName":"GenericAll","IsInherited":false},{"PrincipalSID":"S-1-5-21-405608879-3187717380-1996298813-512","PrincipalType":"Group","RightName":"GenericAll","IsInherited":false},{"PrincipalSID":"ACTIVE.HTB-S-1-5-32-544","PrincipalType":"Group","RightName":"WriteDacl","IsInherited":true},{"PrincipalSID":"ACTIVE.HTB-S-1-5-32-544","PrincipalType":"Group","RightName":"WriteOwner","IsInherited":true},{"PrincipalSID":"ACTIVE.HTB-S-1-5-32-544","PrincipalType":"Group","RightName":"GenericWrite","IsInherited":true},{"PrincipalSID":"S-1-5-21-405608879-3187717380-1996298813-519","PrincipalType":"Group","RightName":"GenericAll","IsInherited":true}],"ObjectIdentifier":"S-1-5-21-405608879-3187717380-1996298813-571","IsDeleted":false,"IsACLProtected":false},{"Properties":{"domain":"ACTIVE.HTB","name":"DNSADMINS@ACTIVE.HTB","distinguishedname":"CN=DNSADMINS,CN=USERS,DC=ACTIVE,DC=HTB","domainsid":"S-1-5-21-405608879-3187717380-1996298813","highvalue":false,"samaccountname":"DnsAdmins","description":"DNS Administrators Group","whencreated":1531914675,"admincount":false},"Members":[],"Aces":[{"PrincipalSID":"ACTIVE.HTB-S-1-5-32-548","PrincipalType":"Group","RightName":"GenericAll","IsInherited":false},{"PrincipalSID":"S-1-5-21-405608879-3187717380-1996298813-512","PrincipalType":"Group","RightName":"GenericAll","IsInherited":false},{"PrincipalSID":"ACTIVE.HTB-S-1-5-32-544","PrincipalType":"Group","RightName":"WriteDacl","IsInherited":true},{"PrincipalSID":"ACTIVE.HTB-S-1-5-32-544","PrincipalType":"Group","RightName":"WriteOwner","IsInherited":true},{"PrincipalSID":"ACTIVE.HTB-S-1-5-32-544","PrincipalType":"Group","RightName":"GenericWrite","IsInherited":true},{"PrincipalSID":"S-1-5-21-405608879-3187717380-1996298813-519","PrincipalType":"Group","RightName":"GenericAll","IsInherited":true}],"ObjectIdentifier":"S-1-5-21-405608879-3187717380-1996298813-1101","IsDeleted":false,"IsACLProtected":false},{"Properties":{"domain":"ACTIVE.HTB","name":"INCOMING FOREST TRUST BUILDERS@ACTIVE.HTB","distinguishedname":"CN=INCOMING FOREST TRUST BUILDERS,CN=BUILTIN,DC=ACTIVE,DC=HTB","domainsid":null,"highvalue":false,"samaccountname":"Incoming Forest Trust Builders","description":"Members of this group can create incoming, one-way trusts to this forest","whencreated":1531914637,"admincount":false},"Members":[],"Aces":[{"PrincipalSID":"S-1-5-21-405608879-3187717380-1996298813-512","PrincipalType":"Group","RightName":"Owns","IsInherited":false},{"PrincipalSID":"ACTIVE.HTB-S-1-5-32-548","PrincipalType":"Group","RightName":"GenericAll","IsInherited":false},{"PrincipalSID":"S-1-5-21-405608879-3187717380-1996298813-512","PrincipalType":"Group","RightName":"GenericAll","IsInherited":false},{"PrincipalSID":"S-1-5-21-405608879-3187717380-1996298813-519","PrincipalType":"Group","RightName":"GenericAll","IsInherited":true},{"PrincipalSID":"ACTIVE.HTB-S-1-5-32-544","PrincipalType":"Group","RightName":"WriteDacl","IsInherited":true},{"PrincipalSID":"ACTIVE.HTB-S-1-5-32-544","PrincipalType":"Group","RightName":"WriteOwner","IsInherited":true},{"PrincipalSID":"ACTIVE.HTB-S-1-5-32-544","PrincipalType":"Group","RightName":"GenericWrite","IsInherited":true}],"ObjectIdentifier":"ACTIVE.HTB-S-1-5-32-557","IsDeleted":false,"IsACLProtected":false},{"Properties":{"domain":"ACTIVE.HTB","name":"WINDOWS AUTHORIZATION ACCESS GROUP@ACTIVE.HTB","distinguishedname":"CN=WINDOWS AUTHORIZATION ACCESS GROUP,CN=BUILTIN,DC=ACTIVE,DC=HTB","domainsid":null,"highvalue":false,"samaccountname":"Windows Authorization Access Group","description":"Members of this group have access to the computed tokenGroupsGlobalAndUniversal attribute on User objects","whencreated":1531914637,"admincount":false},"Members":[{"ObjectIdentifier":"UNKNOWN-S-1-5-9","ObjectType":"Group"}],"Aces":[{"PrincipalSID":"S-1-5-21-405608879-3187717380-1996298813-512","PrincipalType":"Group","RightName":"Owns","IsInherited":false},{"PrincipalSID":"ACTIVE.HTB-S-1-5-32-548","PrincipalType":"Group","RightName":"GenericAll","IsInherited":false},{"PrincipalSID":"S-1-5-21-405608879-3187717380-1996298813-512","PrincipalType":"Group","RightName":"GenericAll","IsInherited":false},{"PrincipalSID":"S-1-5-21-405608879-3187717380-1996298813-519","PrincipalType":"Group","RightName":"GenericAll","IsInherited":true},{"PrincipalSID":"ACTIVE.HTB-S-1-5-32-544","PrincipalType":"Group","RightName":"WriteDacl","IsInherited":true},{"PrincipalSID":"ACTIVE.HTB-S-1-5-32-544","PrincipalType":"Group","RightName":"WriteOwner","IsInherited":true},{"PrincipalSID":"ACTIVE.HTB-S-1-5-32-544","PrincipalType":"Group","RightName":"GenericWrite","IsInherited":true}],"ObjectIdentifier":"ACTIVE.HTB-S-1-5-32-560","IsDeleted":false,"IsACLProtected":false},{"Properties":{"domain":"ACTIVE.HTB","name":"CERT PUBLISHERS@ACTIVE.HTB","distinguishedname":"CN=CERT PUBLISHERS,CN=USERS,DC=ACTIVE,DC=HTB","domainsid":"S-1-5-21-405608879-3187717380-1996298813","highvalue":false,"samaccountname":"Cert Publishers","description":"Members of this group are permitted to publish certificates to the directory","whencreated":1531914637,"admincount":false},"Members":[],"Aces":[{"PrincipalSID":"S-1-5-21-405608879-3187717380-1996298813-512","PrincipalType":"Group","RightName":"Owns","IsInherited":false},{"PrincipalSID":"ACTIVE.HTB-S-1-5-32-548","PrincipalType":"Group","RightName":"GenericAll","IsInherited":false},{"PrincipalSID":"S-1-5-21-405608879-3187717380-1996298813-512","PrincipalType":"Group","RightName":"GenericAll","IsInherited":false},{"PrincipalSID":"ACTIVE.HTB-S-1-5-32-544","PrincipalType":"Group","RightName":"WriteDacl","IsInherited":true},{"PrincipalSID":"ACTIVE.HTB-S-1-5-32-544","PrincipalType":"Group","RightName":"WriteOwner","IsInherited":true},{"PrincipalSID":"ACTIVE.HTB-S-1-5-32-544","PrincipalType":"Group","RightName":"GenericWrite","IsInherited":true},{"PrincipalSID":"S-1-5-21-405608879-3187717380-1996298813-519","PrincipalType":"Group","RightName":"GenericAll","IsInherited":true}],"ObjectIdentifier":"S-1-5-21-405608879-3187717380-1996298813-517","IsDeleted":false,"IsACLProtected":false},{"Properties":{"domain":"ACTIVE.HTB","name":"DNSUPDATEPROXY@ACTIVE.HTB","distinguishedname":"CN=DNSUPDATEPROXY,CN=USERS,DC=ACTIVE,DC=HTB","domainsid":"S-1-5-21-405608879-3187717380-1996298813","highvalue":false,"samaccountname":"DnsUpdateProxy","description":"DNS clients who are permitted to perform dynamic updates on behalf of some other clients (such as DHCP servers).","whencreated":1531914675,"admincount":false},"Members":[],"Aces":[{"PrincipalSID":"ACTIVE.HTB-S-1-5-32-548","PrincipalType":"Group","RightName":"GenericAll","IsInherited":false},{"PrincipalSID":"S-1-5-21-405608879-3187717380-1996298813-512","PrincipalType":"Group","RightName":"GenericAll","IsInherited":false},{"PrincipalSID":"ACTIVE.HTB-S-1-5-32-544","PrincipalType":"Group","RightName":"WriteDacl","IsInherited":true},{"PrincipalSID":"ACTIVE.HTB-S-1-5-32-544","PrincipalType":"Group","RightName":"WriteOwner","IsInherited":true},{"PrincipalSID":"ACTIVE.HTB-S-1-5-32-544","PrincipalType":"Group","RightName":"GenericWrite","IsInherited":true},{"PrincipalSID":"S-1-5-21-405608879-3187717380-1996298813-519","PrincipalType":"Group","RightName":"GenericAll","IsInherited":true}],"ObjectIdentifier":"S-1-5-21-405608879-3187717380-1996298813-1102","IsDeleted":false,"IsACLProtected":false},{"Properties":{"domain":"ACTIVE.HTB","name":"PERFORMANCE MONITOR USERS@ACTIVE.HTB","distinguishedname":"CN=PERFORMANCE MONITOR USERS,CN=BUILTIN,DC=ACTIVE,DC=HTB","domainsid":null,"highvalue":false,"samaccountname":"Performance Monitor Users","description":"Members of this group can access performance counter data locally and remotely","whencreated":1531914551,"admincount":false},"Members":[],"Aces":[{"PrincipalSID":"ACTIVE.HTB-S-1-5-32-544","PrincipalType":"Group","RightName":"Owns","IsInherited":false},{"PrincipalSID":"ACTIVE.HTB-S-1-5-32-548","PrincipalType":"Group","RightName":"GenericAll","IsInherited":false},{"PrincipalSID":"S-1-5-21-405608879-3187717380-1996298813-512","PrincipalType":"Group","RightName":"GenericAll","IsInherited":false},{"PrincipalSID":"S-1-5-21-405608879-3187717380-1996298813-519","PrincipalType":"Group","RightName":"GenericAll","IsInherited":true},{"PrincipalSID":"ACTIVE.HTB-S-1-5-32-544","PrincipalType":"Group","RightName":"WriteDacl","IsInherited":true},{"PrincipalSID":"ACTIVE.HTB-S-1-5-32-544","PrincipalType":"Group","RightName":"WriteOwner","IsInherited":true},{"PrincipalSID":"ACTIVE.HTB-S-1-5-32-544","PrincipalType":"Group","RightName":"GenericWrite","IsInherited":true}],"ObjectIdentifier":"ACTIVE.HTB-S-1-5-32-558","IsDeleted":false,"IsACLProtected":false},{"Properties":{"domain":"ACTIVE.HTB","name":"CRYPTOGRAPHIC OPERATORS@ACTIVE.HTB","distinguishedname":"CN=CRYPTOGRAPHIC OPERATORS,CN=BUILTIN,DC=ACTIVE,DC=HTB","domainsid":null,"highvalue":false,"samaccountname":"Cryptographic Operators","description":"Members are authorized to perform cryptographic operations.","whencreated":1531914551,"admincount":false},"Members":[],"Aces":[{"PrincipalSID":"ACTIVE.HTB-S-1-5-32-544","PrincipalType":"Group","RightName":"Owns","IsInherited":false},{"PrincipalSID":"ACTIVE.HTB-S-1-5-32-548","PrincipalType":"Group","RightName":"GenericAll","IsInherited":false},{"PrincipalSID":"S-1-5-21-405608879-3187717380-1996298813-512","PrincipalType":"Group","RightName":"GenericAll","IsInherited":false},{"PrincipalSID":"S-1-5-21-405608879-3187717380-1996298813-519","PrincipalType":"Group","RightName":"GenericAll","IsInherited":true},{"PrincipalSID":"ACTIVE.HTB-S-1-5-32-544","PrincipalType":"Group","RightName":"WriteDacl","IsInherited":true},{"PrincipalSID":"ACTIVE.HTB-S-1-5-32-544","PrincipalType":"Group","RightName":"WriteOwner","IsInherited":true},{"PrincipalSID":"ACTIVE.HTB-S-1-5-32-544","PrincipalType":"Group","RightName":"GenericWrite","IsInherited":true}],"ObjectIdentifier":"ACTIVE.HTB-S-1-5-32-569","IsDeleted":false,"IsACLProtected":false},{"Properties":{"domain":"ACTIVE.HTB","name":"USERS@ACTIVE.HTB","distinguishedname":"CN=USERS,CN=BUILTIN,DC=ACTIVE,DC=HTB","domainsid":null,"highvalue":false,"samaccountname":"Users","description":"Users are prevented from making accidental or intentional system-wide changes and can run most applications","whencreated":1531914551,"admincount":false},"Members":[{"ObjectIdentifier":"S-1-5-21-405608879-3187717380-1996298813-513","ObjectType":"Group"},{"ObjectIdentifier":"ACTIVE.HTB-S-1-5-11","ObjectType":"Group"},{"ObjectIdentifier":"ACTIVE.HTB-S-1-5-4","ObjectType":"Group"}],"Aces":[{"PrincipalSID":"ACTIVE.HTB-S-1-5-32-544","PrincipalType":"Group","RightName":"Owns","IsInherited":false},{"PrincipalSID":"ACTIVE.HTB-S-1-5-32-548","PrincipalType":"Group","RightName":"GenericAll","IsInherited":false},{"PrincipalSID":"S-1-5-21-405608879-3187717380-1996298813-512","PrincipalType":"Group","RightName":"GenericAll","IsInherited":false},{"PrincipalSID":"S-1-5-21-405608879-3187717380-1996298813-519","PrincipalType":"Group","RightName":"GenericAll","IsInherited":true},{"PrincipalSID":"ACTIVE.HTB-S-1-5-32-544","PrincipalType":"Group","RightName":"WriteDacl","IsInherited":true},{"PrincipalSID":"ACTIVE.HTB-S-1-5-32-544","PrincipalType":"Group","RightName":"WriteOwner","IsInherited":true},{"PrincipalSID":"ACTIVE.HTB-S-1-5-32-544","PrincipalType":"Group","RightName":"GenericWrite","IsInherited":true}],"ObjectIdentifier":"ACTIVE.HTB-S-1-5-32-545","IsDeleted":false,"IsACLProtected":false},{"Properties":{"name":"THIS ORGANIZATION @ACTIVE.HTB","domainsid":null,"domain":"ACTIVE.HTB"},"Members":[],"Aces":[],"ObjectIdentifier":"ACTIVE.HTB-S-1-5-17","IsDeleted":false,"IsACLProtected":false},{"Properties":{"name":"ADMINISTRATORS@ACTIVE.HTB","domainsid":null,"domain":"ACTIVE.HTB"},"Members":[],"Aces":[],"ObjectIdentifier":"ACTIVE.HTB-S-1-5-32-544","IsDeleted":false,"IsACLProtected":false},{"Properties":{"name":"AUTHENTICATED USERS@ACTIVE.HTB","domainsid":null,"domain":"ACTIVE.HTB"},"Members":[],"Aces":[],"ObjectIdentifier":"ACTIVE.HTB-S-1-5-11","IsDeleted":false,"IsACLProtected":false},{"Properties":{"name":"PRINT OPERATORS@ACTIVE.HTB","domainsid":null,"domain":"ACTIVE.HTB"},"Members":[],"Aces":[],"ObjectIdentifier":"ACTIVE.HTB-S-1-5-32-550","IsDeleted":false,"IsACLProtected":false},{"Properties":{"name":"INCOMING FOREST TRUST BUILDERS@ACTIVE.HTB","domainsid":null,"domain":"ACTIVE.HTB"},"Members":[],"Aces":[],"ObjectIdentifier":"ACTIVE.HTB-S-1-5-32-557","IsDeleted":false,"IsACLProtected":false},{"Properties":{"name":"ENTERPRISE DOMAIN CONTROLLERS@ACTIVE.HTB","domainsid":null,"domain":"ACTIVE.HTB"},"Members":[],"Aces":[],"ObjectIdentifier":"UNKNOWN-S-1-5-9","IsDeleted":false,"IsACLProtected":false},{"Properties":{"name":"PRE-WINDOWS 2000 COMPATIBLE ACCESS@ACTIVE.HTB","domainsid":null,"domain":"ACTIVE.HTB"},"Members":[],"Aces":[],"ObjectIdentifier":"ACTIVE.HTB-S-1-5-32-554","IsDeleted":false,"IsACLProtected":false},{"Properties":{"name":"EVERYONE@ACTIVE.HTB","domainsid":null,"domain":"ACTIVE.HTB"},"Members":[],"Aces":[],"ObjectIdentifier":"ACTIVE.HTB-S-1-1-0","IsDeleted":false,"IsACLProtected":false},{"Properties":{"name":"TERMINAL SERVER LICENSE SERVERS@ACTIVE.HTB","domainsid":null,"domain":"ACTIVE.HTB"},"Members":[],"Aces":[],"ObjectIdentifier":"ACTIVE.HTB-S-1-5-32-561","IsDeleted":false,"IsACLProtected":false},{"Properties":{"name":"WINDOWS AUTHORIZATION ACCESS GROUP@ACTIVE.HTB","domainsid":null,"domain":"ACTIVE.HTB"},"Members":[],"Aces":[],"ObjectIdentifier":"ACTIVE.HTB-S-1-5-32-560","IsDeleted":false,"IsACLProtected":false},{"Properties":{"name":"INTERACTIVE@ACTIVE.HTB","domainsid":null,"domain":"ACTIVE.HTB"},"Members":[],"Aces":[],"ObjectIdentifier":"ACTIVE.HTB-S-1-5-4","IsDeleted":false,"IsACLProtected":false},{"Properties":{"name":"ACCOUNT OPERATORS@ACTIVE.HTB","domainsid":null,"domain":"ACTIVE.HTB"},"Members":[],"Aces":[],"ObjectIdentifier":"ACTIVE.HTB-S-1-5-32-548","IsDeleted":false,"IsACLProtected":false},{"Properties":{"name":"ENTERPRISE DOMAIN CONTROLLERS@UNKNOWN","domainsid":null,"domain":null},"Members":[{"ObjectIdentifier":"S-1-5-21-405608879-3187717380-1996298813-1000","ObjectType":"Computer"}],"Aces":[],"ObjectIdentifier":"-S-1-5-9","IsDeleted":false,"IsACLProtected":false}],"meta":{"methods":29695,"type":"groups","count":50,"version":5}}