﻿{"data":[{"GPOChanges":{"LocalAdmins":[],"RemoteDesktopUsers":[],"DcomUsers":[],"PSRemoteUsers":[],"AffectedComputers":[]},"Properties":{"domain":"ACTIVE.HTB","name":"ACTIVE.HTB","distinguishedname":"DC=ACTIVE,DC=HTB","domainsid":"S-1-5-21-405608879-3187717380-1996298813","highvalue":true,"description":null,"whencreated":1531914540,"functionallevel":"2008 R2"},"ChildObjects":[{"ObjectIdentifier":"A86DA88D-7577-4FE5-A713-CE0FAED00D5A","ObjectType":"Container"},{"ObjectIdentifier":"33167AE2-66D6-4054-9F2D-014809CB79B2","ObjectType":"OU"},{"ObjectIdentifier":"1C228F4B-F681-422B-9DC6-7C3F4929FAC3","ObjectType":"Container"},{"ObjectIdentifier":"84042344-7C52-4F6B-B840-05DAE0AD7E74","ObjectType":"Container"},{"ObjectIdentifier":"3865ED96-92DF-4776-BB63-C8640B9664D6","ObjectType":"Container"}],"Trusts":[],"Links":[{"IsEnforced":false,"GUID":"60E42963-F2C8-40FC-8AB0-C0176D7FB5E9"}],"Aces":[{"PrincipalSID":"ACTIVE.HTB-S-1-5-32-544","PrincipalType":"Group","RightName":"Owns","IsInherited":false},{"PrincipalSID":"ACTIVE.HTB-S-1-5-32-544","PrincipalType":"Group","RightName":"WriteDacl","IsInherited":false},{"PrincipalSID":"ACTIVE.HTB-S-1-5-32-544","PrincipalType":"Group","RightName":"WriteOwner","IsInherited":false},{"PrincipalSID":"ACTIVE.HTB-S-1-5-32-544","PrincipalType":"Group","RightName":"AllExtendedRights","IsInherited":false},{"PrincipalSID":"S-1-5-21-405608879-3187717380-1996298813-512","PrincipalType":"Group","RightName":"WriteDacl","IsInherited":false},{"PrincipalSID":"S-1-5-21-405608879-3187717380-1996298813-512","PrincipalType":"Group","RightName":"WriteOwner","IsInherited":false},{"PrincipalSID":"S-1-5-21-405608879-3187717380-1996298813-512","PrincipalType":"Group","RightName":"AllExtendedRights","IsInherited":false},{"PrincipalSID":"S-1-5-21-405608879-3187717380-1996298813-519","PrincipalType":"Group","RightName":"GenericAll","IsInherited":false},{"PrincipalSID":"UNKNOWN-S-1-5-9","PrincipalType":"Group","RightName":"GetChangesInFilteredSet","IsInherited":false},{"PrincipalSID":"UNKNOWN-S-1-5-9","PrincipalType":"Group","RightName":"GetChanges","IsInherited":false},{"PrincipalSID":"ACTIVE.HTB-S-1-5-32-544","PrincipalType":"Group","RightName":"GetChanges","IsInherited":false},{"PrincipalSID":"ACTIVE.HTB-S-1-5-32-544","PrincipalType":"Group","RightName":"GetChangesInFilteredSet","IsInherited":false},{"PrincipalSID":"ACTIVE.HTB-S-1-5-32-544","PrincipalType":"Group","RightName":"GetChangesAll","IsInherited":false},{"PrincipalSID":"S-1-5-21-405608879-3187717380-1996298813-498","PrincipalType":"Group","RightName":"GetChanges","IsInherited":false},{"PrincipalSID":"S-1-5-21-405608879-3187717380-1996298813-516","PrincipalType":"Group","RightName":"GetChangesAll","IsInherited":false}],"ObjectIdentifier":"S-1-5-21-405608879-3187717380-1996298813","IsDeleted":false,"IsACLProtected":false}],"meta":{"methods":29695,"type":"domains","count":1,"version":5}}