﻿{"data":[{"Properties":{"domain":"ACTIVE.HTB","name":"DC.ACTIVE.HTB","distinguishedname":"CN=DC,OU=DOMAIN CONTROLLERS,DC=ACTIVE,DC=HTB","domainsid":"S-1-5-21-405608879-3187717380-1996298813","highvalue":false,"samaccountname":"DC$","haslaps":false,"description":null,"whencreated":1531914635,"enabled":true,"unconstraineddelegation":true,"trustedtoauth":false,"lastlogon":1667240298,"lastlogontimestamp":1667240279,"pwdlastset":1667240261,"serviceprincipalnames":["ldap/DC.active.htb/ForestDnsZones.active.htb","ldap/DC.active.htb/DomainDnsZones.active.htb","TERMSRV/DC","TERMSRV/DC.active.htb","Dfsr-12F9A27C-BF97-4787-9364-D31B6C55EB04/DC.active.htb","DNS/DC.active.htb","GC/DC.active.htb/active.htb","RestrictedKrbHost/DC.active.htb","RestrictedKrbHost/DC","HOST/DC/ACTIVE","HOST/DC.active.htb/ACTIVE","HOST/DC","HOST/DC.active.htb","HOST/DC.active.htb/active.htb","E3514235-4B06-11D1-AB04-00C04FC2DCD2/f4953ea5-0f30-4041-b4dd-1a00693a8510/active.htb","ldap/DC/ACTIVE","ldap/f4953ea5-0f30-4041-b4dd-1a00693a8510._msdcs.active.htb","ldap/DC.active.htb/ACTIVE","ldap/DC","ldap/DC.active.htb","ldap/DC.active.htb/active.htb"],"operatingsystem":"Windows Server 2008 R2 Standard Service Pack 1","sidhistory":[]},"PrimaryGroupSID":"S-1-5-21-405608879-3187717380-1996298813-516","AllowedToDelegate":[],"AllowedToAct":[],"HasSIDHistory":[],"Sessions":{"Results":[],"Collected":false,"FailureReason":null},"PrivilegedSessions":{"Results":[],"Collected":false,"FailureReason":null},"RegistrySessions":{"Results":[],"Collected":false,"FailureReason":null},"LocalAdmins":{"Results":[],"Collected":false,"FailureReason":null},"RemoteDesktopUsers":{"Results":[],"Collected":false,"FailureReason":null},"DcomUsers":{"Results":[],"Collected":false,"FailureReason":null},"PSRemoteUsers":{"Results":[],"Collected":false,"FailureReason":null},"Status":null,"Aces":[{"PrincipalSID":"S-1-5-21-405608879-3187717380-1996298813-512","PrincipalType":"Group","RightName":"Owns","IsInherited":false},{"PrincipalSID":"S-1-5-21-405608879-3187717380-1996298813-512","PrincipalType":"Group","RightName":"GenericAll","IsInherited":false},{"PrincipalSID":"ACTIVE.HTB-S-1-5-32-544","PrincipalType":"Group","RightName":"WriteDacl","IsInherited":true},{"PrincipalSID":"ACTIVE.HTB-S-1-5-32-544","PrincipalType":"Group","RightName":"WriteOwner","IsInherited":true},{"PrincipalSID":"ACTIVE.HTB-S-1-5-32-544","PrincipalType":"Group","RightName":"GenericWrite","IsInherited":true},{"PrincipalSID":"S-1-5-21-405608879-3187717380-1996298813-519","PrincipalType":"Group","RightName":"GenericAll","IsInherited":true}],"ObjectIdentifier":"S-1-5-21-405608879-3187717380-1996298813-1000","IsDeleted":false,"IsACLProtected":false}],"meta":{"methods":29695,"type":"computers","count":1,"version":5}}