﻿{"data":[{"Properties":{"domain":"ACTIVE.HTB","name":"DEFAULT DOMAIN CONTROLLERS POLICY@ACTIVE.HTB","distinguishedname":"CN={6AC1786C-016F-11D2-945F-00C04FB984F9},CN=POLICIES,CN=SYSTEM,DC=ACTIVE,DC=HTB","domainsid":null,"highvalue":false,"description":null,"whencreated":1531914551,"gpcpath":"\\\\ACTIVE.HTB\\SYSVOL\\ACTIVE.HTB\\POLICIES\\{6AC1786C-016F-11D2-945F-00C04FB984F9}"},"Aces":[{"PrincipalSID":"S-1-5-21-405608879-3187717380-1996298813-512","PrincipalType":"Group","RightName":"Owns","IsInherited":false},{"PrincipalSID":"S-1-5-21-405608879-3187717380-1996298813-512","PrincipalType":"Group","RightName":"WriteDacl","IsInherited":false},{"PrincipalSID":"S-1-5-21-405608879-3187717380-1996298813-512","PrincipalType":"Group","RightName":"WriteOwner","IsInherited":false},{"PrincipalSID":"S-1-5-21-405608879-3187717380-1996298813-512","PrincipalType":"Group","RightName":"GenericWrite","IsInherited":false},{"PrincipalSID":"S-1-5-21-405608879-3187717380-1996298813-512","PrincipalType":"Group","RightName":"WriteDacl","IsInherited":false},{"PrincipalSID":"S-1-5-21-405608879-3187717380-1996298813-512","PrincipalType":"Group","RightName":"WriteOwner","IsInherited":false},{"PrincipalSID":"S-1-5-21-405608879-3187717380-1996298813-512","PrincipalType":"Group","RightName":"GenericWrite","IsInherited":false},{"PrincipalSID":"S-1-5-21-405608879-3187717380-1996298813-519","PrincipalType":"Group","RightName":"WriteDacl","IsInherited":false},{"PrincipalSID":"S-1-5-21-405608879-3187717380-1996298813-519","PrincipalType":"Group","RightName":"WriteOwner","IsInherited":false},{"PrincipalSID":"S-1-5-21-405608879-3187717380-1996298813-519","PrincipalType":"Group","RightName":"GenericWrite","IsInherited":false}],"ObjectIdentifier":"DB361630-61C4-4A21-B8FE-A180B24A9E71","IsDeleted":false,"IsACLProtected":true},{"Properties":{"domain":"ACTIVE.HTB","name":"DEFAULT DOMAIN POLICY@ACTIVE.HTB","distinguishedname":"CN={31B2F340-016D-11D2-945F-00C04FB984F9},CN=POLICIES,CN=SYSTEM,DC=ACTIVE,DC=HTB","domainsid":null,"highvalue":false,"description":null,"whencreated":1531914551,"gpcpath":"\\\\ACTIVE.HTB\\SYSVOL\\ACTIVE.HTB\\POLICIES\\{31B2F340-016D-11D2-945F-00C04FB984F9}"},"Aces":[{"PrincipalSID":"S-1-5-21-405608879-3187717380-1996298813-512","PrincipalType":"Group","RightName":"Owns","IsInherited":false},{"PrincipalSID":"S-1-5-21-405608879-3187717380-1996298813-512","PrincipalType":"Group","RightName":"WriteDacl","IsInherited":false},{"PrincipalSID":"S-1-5-21-405608879-3187717380-1996298813-512","PrincipalType":"Group","RightName":"WriteOwner","IsInherited":false},{"PrincipalSID":"S-1-5-21-405608879-3187717380-1996298813-512","PrincipalType":"Group","RightName":"GenericWrite","IsInherited":false},{"PrincipalSID":"S-1-5-21-405608879-3187717380-1996298813-512","PrincipalType":"Group","RightName":"WriteDacl","IsInherited":false},{"PrincipalSID":"S-1-5-21-405608879-3187717380-1996298813-512","PrincipalType":"Group","RightName":"WriteOwner","IsInherited":false},{"PrincipalSID":"S-1-5-21-405608879-3187717380-1996298813-512","PrincipalType":"Group","RightName":"GenericWrite","IsInherited":false},{"PrincipalSID":"S-1-5-21-405608879-3187717380-1996298813-519","PrincipalType":"Group","RightName":"WriteDacl","IsInherited":false},{"PrincipalSID":"S-1-5-21-405608879-3187717380-1996298813-519","PrincipalType":"Group","RightName":"WriteOwner","IsInherited":false},{"PrincipalSID":"S-1-5-21-405608879-3187717380-1996298813-519","PrincipalType":"Group","RightName":"GenericWrite","IsInherited":false}],"ObjectIdentifier":"60E42963-F2C8-40FC-8AB0-C0176D7FB5E9","IsDeleted":false,"IsACLProtected":true}],"meta":{"methods":29695,"type":"gpos","count":2,"version":5}}