﻿{"data":[{"GPOChanges":{"LocalAdmins":[],"RemoteDesktopUsers":[],"DcomUsers":[],"PSRemoteUsers":[],"AffectedComputers":[]},"Properties":{"domain":"ACTIVE.HTB","name":"DOMAIN CONTROLLERS@ACTIVE.HTB","distinguishedname":"OU=DOMAIN CONTROLLERS,DC=ACTIVE,DC=HTB","domainsid":null,"highvalue":false,"description":"Default container for domain controllers","whencreated":1531914551,"blocksinheritance":false},"Links":[{"IsEnforced":false,"GUID":"DB361630-61C4-4A21-B8FE-A180B24A9E71"}],"ChildObjects":[{"ObjectIdentifier":"S-1-5-21-405608879-3187717380-1996298813-1000","ObjectType":"Computer"}],"Aces":[{"PrincipalSID":"S-1-5-21-405608879-3187717380-1996298813-512","PrincipalType":"Group","RightName":"Owns","IsInherited":false},{"PrincipalSID":"S-1-5-21-405608879-3187717380-1996298813-512","PrincipalType":"Group","RightName":"WriteDacl","IsInherited":false},{"PrincipalSID":"S-1-5-21-405608879-3187717380-1996298813-512","PrincipalType":"Group","RightName":"WriteOwner","IsInherited":false},{"PrincipalSID":"ACTIVE.HTB-S-1-5-32-544","PrincipalType":"Group","RightName":"WriteDacl","IsInherited":true},{"PrincipalSID":"ACTIVE.HTB-S-1-5-32-544","PrincipalType":"Group","RightName":"WriteOwner","IsInherited":true},{"PrincipalSID":"S-1-5-21-405608879-3187717380-1996298813-519","PrincipalType":"Group","RightName":"GenericAll","IsInherited":true}],"ObjectIdentifier":"33167AE2-66D6-4054-9F2D-014809CB79B2","IsDeleted":false,"IsACLProtected":false}],"meta":{"methods":29695,"type":"ous","count":1,"version":5}}