﻿{"data":[{"GPOChanges":{"LocalAdmins":[],"RemoteDesktopUsers":[],"DcomUsers":[],"PSRemoteUsers":[],"AffectedComputers":[{"ObjectIdentifier":"S-1-5-21-537427935-490066102-1511301751-1000","ObjectType":"Computer"}]},"Properties":{"domain":"RESOURCED.LOCAL","name":"RESOURCED.LOCAL","distinguishedname":"DC=RESOURCED,DC=LOCAL","domainsid":"S-1-5-21-537427935-490066102-1511301751","highvalue":true,"description":null,"whencreated":1633061298,"functionallevel":"2016"},"ChildObjects":[{"ObjectIdentifier":"085B120C-554B-4269-AD10-36DC56D15415","ObjectType":"Container"},{"ObjectIdentifier":"5FFEB5D4-8CC1-48BD-9E23-9C8982A53158","ObjectType":"OU"},{"ObjectIdentifier":"2610A983-E21E-41EE-B592-3CDA558541A4","ObjectType":"Container"},{"ObjectIdentifier":"EEB6C071-D4DF-4B46-89D2-8FF2EAF82135","ObjectType":"Container"},{"ObjectIdentifier":"6635D427-00B9-4A5A-83F8-521A2BD314CF","ObjectType":"Container"}],"Trusts":[],"Links":[{"IsEnforced":false,"GUID":"A156525D-6489-4553-9D2D-44A84E83FFF5"}],"Aces":[{"PrincipalSID":"RESOURCED.LOCAL-S-1-5-32-544","PrincipalType":"Group","RightName":"Owns","IsInherited":false},{"PrincipalSID":"RESOURCED.LOCAL-S-1-5-32-544","PrincipalType":"Group","RightName":"WriteDacl","IsInherited":false},{"PrincipalSID":"RESOURCED.LOCAL-S-1-5-32-544","PrincipalType":"Group","RightName":"WriteOwner","IsInherited":false},{"PrincipalSID":"RESOURCED.LOCAL-S-1-5-32-544","PrincipalType":"Group","RightName":"AllExtendedRights","IsInherited":false},{"PrincipalSID":"S-1-5-21-537427935-490066102-1511301751-512","PrincipalType":"Group","RightName":"WriteDacl","IsInherited":false},{"PrincipalSID":"S-1-5-21-537427935-490066102-1511301751-512","PrincipalType":"Group","RightName":"WriteOwner","IsInherited":false},{"PrincipalSID":"S-1-5-21-537427935-490066102-1511301751-512","PrincipalType":"Group","RightName":"AllExtendedRights","IsInherited":false},{"PrincipalSID":"S-1-5-21-537427935-490066102-1511301751-519","PrincipalType":"Group","RightName":"GenericAll","IsInherited":false},{"PrincipalSID":"RESOURCED.LOCAL-S-1-5-9","PrincipalType":"Group","RightName":"GetChanges","IsInherited":false},{"PrincipalSID":"RESOURCED.LOCAL-S-1-5-9","PrincipalType":"Group","RightName":"GetChangesInFilteredSet","IsInherited":false},{"PrincipalSID":"RESOURCED.LOCAL-S-1-5-32-544","PrincipalType":"Group","RightName":"GetChangesAll","IsInherited":false},{"PrincipalSID":"RESOURCED.LOCAL-S-1-5-32-544","PrincipalType":"Group","RightName":"GetChanges","IsInherited":false},{"PrincipalSID":"RESOURCED.LOCAL-S-1-5-32-544","PrincipalType":"Group","RightName":"GetChangesInFilteredSet","IsInherited":false},{"PrincipalSID":"S-1-5-21-537427935-490066102-1511301751-498","PrincipalType":"Group","RightName":"GetChanges","IsInherited":false},{"PrincipalSID":"S-1-5-21-537427935-490066102-1511301751-516","PrincipalType":"Group","RightName":"GetChangesAll","IsInherited":false}],"ObjectIdentifier":"S-1-5-21-537427935-490066102-1511301751","IsDeleted":false,"IsACLProtected":false}],"meta":{"methods":29695,"type":"domains","count":1,"version":5}}