﻿{"data":[{"Properties":{"domain":"RESOURCED.LOCAL","name":"POLICYTEMPLATE@RESOURCED.LOCAL","distinguishedname":"CN=POLICYTEMPLATE,CN=WMIPOLICY,CN=SYSTEM,DC=RESOURCED,DC=LOCAL","domainsid":"S-1-5-21-537427935-490066102-1511301751","highvalue":false},"ChildObjects":[],"Aces":[{"PrincipalSID":"S-1-5-21-537427935-490066102-1511301751-512","PrincipalType":"Group","RightName":"Owns","IsInherited":false},{"PrincipalSID":"S-1-5-21-537427935-490066102-1511301751-512","PrincipalType":"Group","RightName":"WriteDacl","IsInherited":false},{"PrincipalSID":"S-1-5-21-537427935-490066102-1511301751-512","PrincipalType":"Group","RightName":"WriteOwner","IsInherited":false},{"PrincipalSID":"S-1-5-21-537427935-490066102-1511301751-519","PrincipalType":"Group","RightName":"GenericAll","IsInherited":true},{"PrincipalSID":"S-1-5-21-537427935-490066102-1511301751-512","PrincipalType":"Group","RightName":"GenericAll","IsInherited":true}],"ObjectIdentifier":"0C44280F-7938-4E75-93A9-157C5DB09A76","IsDeleted":false,"IsACLProtected":false},{"Properties":{"domain":"RESOURCED.LOCAL","name":"ADMINSDHOLDER@RESOURCED.LOCAL","distinguishedname":"CN=ADMINSDHOLDER,CN=SYSTEM,DC=RESOURCED,DC=LOCAL","domainsid":"S-1-5-21-537427935-490066102-1511301751","highvalue":false},"ChildObjects":[],"Aces":[{"PrincipalSID":"S-1-5-21-537427935-490066102-1511301751-512","PrincipalType":"Group","RightName":"Owns","IsInherited":false},{"PrincipalSID":"RESOURCED.LOCAL-S-1-5-32-544","PrincipalType":"Group","RightName":"WriteDacl","IsInherited":false},{"PrincipalSID":"RESOURCED.LOCAL-S-1-5-32-544","PrincipalType":"Group","RightName":"WriteOwner","IsInherited":false},{"PrincipalSID":"S-1-5-21-537427935-490066102-1511301751-512","PrincipalType":"Group","RightName":"WriteDacl","IsInherited":false},{"PrincipalSID":"S-1-5-21-537427935-490066102-1511301751-512","PrincipalType":"Group","RightName":"WriteOwner","IsInherited":false},{"PrincipalSID":"S-1-5-21-537427935-490066102-1511301751-519","PrincipalType":"Group","RightName":"WriteDacl","IsInherited":false},{"PrincipalSID":"S-1-5-21-537427935-490066102-1511301751-519","PrincipalType":"Group","RightName":"WriteOwner","IsInherited":false}],"ObjectIdentifier":"68C94D86-37E2-47DE-84B2-6E705AA0AE94","IsDeleted":false,"IsACLProtected":true},{"Properties":{"domain":"RESOURCED.LOCAL","name":"WMIGPO@RESOURCED.LOCAL","distinguishedname":"CN=WMIGPO,CN=WMIPOLICY,CN=SYSTEM,DC=RESOURCED,DC=LOCAL","domainsid":"S-1-5-21-537427935-490066102-1511301751","highvalue":false},"ChildObjects":[],"Aces":[{"PrincipalSID":"S-1-5-21-537427935-490066102-1511301751-512","PrincipalType":"Group","RightName":"Owns","IsInherited":false},{"PrincipalSID":"S-1-5-21-537427935-490066102-1511301751-512","PrincipalType":"Group","RightName":"WriteDacl","IsInherited":false},{"PrincipalSID":"S-1-5-21-537427935-490066102-1511301751-512","PrincipalType":"Group","RightName":"WriteOwner","IsInherited":false},{"PrincipalSID":"S-1-5-21-537427935-490066102-1511301751-519","PrincipalType":"Group","RightName":"GenericAll","IsInherited":true},{"PrincipalSID":"S-1-5-21-537427935-490066102-1511301751-512","PrincipalType":"Group","RightName":"GenericAll","IsInherited":true}],"ObjectIdentifier":"6177CCB1-08E3-44AD-BA5C-281F2C591491","IsDeleted":false,"IsACLProtected":false},{"Properties":{"domain":"RESOURCED.LOCAL","name":"WMIPOLICY@RESOURCED.LOCAL","distinguishedname":"CN=WMIPOLICY,CN=SYSTEM,DC=RESOURCED,DC=LOCAL","domainsid":"S-1-5-21-537427935-490066102-1511301751","highvalue":false},"ChildObjects":[],"Aces":[{"PrincipalSID":"S-1-5-21-537427935-490066102-1511301751-512","PrincipalType":"Group","RightName":"Owns","IsInherited":false},{"PrincipalSID":"S-1-5-21-537427935-490066102-1511301751-512","PrincipalType":"Group","RightName":"GenericAll","IsInherited":false},{"PrincipalSID":"S-1-5-21-537427935-490066102-1511301751-519","PrincipalType":"Group","RightName":"GenericAll","IsInherited":false}],"ObjectIdentifier":"B0D986CB-37B5-4A1F-A9A4-582234610400","IsDeleted":false,"IsACLProtected":true},{"Properties":{"domain":"RESOURCED.LOCAL","name":"POLICYTYPE@RESOURCED.LOCAL","distinguishedname":"CN=POLICYTYPE,CN=WMIPOLICY,CN=SYSTEM,DC=RESOURCED,DC=LOCAL","domainsid":"S-1-5-21-537427935-490066102-1511301751","highvalue":false},"ChildObjects":[],"Aces":[{"PrincipalSID":"S-1-5-21-537427935-490066102-1511301751-512","PrincipalType":"Group","RightName":"Owns","IsInherited":false},{"PrincipalSID":"S-1-5-21-537427935-490066102-1511301751-512","PrincipalType":"Group","RightName":"WriteDacl","IsInherited":false},{"PrincipalSID":"S-1-5-21-537427935-490066102-1511301751-512","PrincipalType":"Group","RightName":"WriteOwner","IsInherited":false},{"PrincipalSID":"S-1-5-21-537427935-490066102-1511301751-519","PrincipalType":"Group","RightName":"GenericAll","IsInherited":true},{"PrincipalSID":"S-1-5-21-537427935-490066102-1511301751-512","PrincipalType":"Group","RightName":"GenericAll","IsInherited":true}],"ObjectIdentifier":"D9430BFF-80C9-4819-A052-A536356AF940","IsDeleted":false,"IsACLProtected":false},{"Properties":{"domain":"RESOURCED.LOCAL","name":"PSPS@RESOURCED.LOCAL","distinguishedname":"CN=PSPS,CN=SYSTEM,DC=RESOURCED,DC=LOCAL","domainsid":"S-1-5-21-537427935-490066102-1511301751","highvalue":false},"ChildObjects":[],"Aces":[{"PrincipalSID":"S-1-5-21-537427935-490066102-1511301751-512","PrincipalType":"Group","RightName":"Owns","IsInherited":false},{"PrincipalSID":"S-1-5-21-537427935-490066102-1511301751-512","PrincipalType":"Group","RightName":"GenericAll","IsInherited":false},{"PrincipalSID":"S-1-5-21-537427935-490066102-1511301751-519","PrincipalType":"Group","RightName":"GenericAll","IsInherited":true},{"PrincipalSID":"RESOURCED.LOCAL-S-1-5-32-544","PrincipalType":"Group","RightName":"WriteDacl","IsInherited":true},{"PrincipalSID":"RESOURCED.LOCAL-S-1-5-32-544","PrincipalType":"Group","RightName":"WriteOwner","IsInherited":true}],"ObjectIdentifier":"AC034171-6163-4CA3-AD22-26D0BFE3DB15","IsDeleted":false,"IsACLProtected":false},{"Properties":{"domain":"RESOURCED.LOCAL","name":"SOM@RESOURCED.LOCAL","distinguishedname":"CN=SOM,CN=WMIPOLICY,CN=SYSTEM,DC=RESOURCED,DC=LOCAL","domainsid":"S-1-5-21-537427935-490066102-1511301751","highvalue":false},"ChildObjects":[],"Aces":[{"PrincipalSID":"S-1-5-21-537427935-490066102-1511301751-512","PrincipalType":"Group","RightName":"Owns","IsInherited":false},{"PrincipalSID":"S-1-5-21-537427935-490066102-1511301751-512","PrincipalType":"Group","RightName":"GenericAll","IsInherited":false},{"PrincipalSID":"S-1-5-21-537427935-490066102-1511301751-519","PrincipalType":"Group","RightName":"GenericAll","IsInherited":false}],"ObjectIdentifier":"D50F3F26-4891-43E1-AE67-3C626F15CF84","IsDeleted":false,"IsACLProtected":true},{"Properties":{"domain":"RESOURCED.LOCAL","name":"COMPUTERS@RESOURCED.LOCAL","distinguishedname":"CN=COMPUTERS,DC=RESOURCED,DC=LOCAL","domainsid":"S-1-5-21-537427935-490066102-1511301751","highvalue":false},"ChildObjects":[],"Aces":[{"PrincipalSID":"S-1-5-21-537427935-490066102-1511301751-512","PrincipalType":"Group","RightName":"Owns","IsInherited":false},{"PrincipalSID":"S-1-5-21-537427935-490066102-1511301751-512","PrincipalType":"Group","RightName":"WriteDacl","IsInherited":false},{"PrincipalSID":"S-1-5-21-537427935-490066102-1511301751-512","PrincipalType":"Group","RightName":"WriteOwner","IsInherited":false},{"PrincipalSID":"S-1-5-21-537427935-490066102-1511301751-519","PrincipalType":"Group","RightName":"GenericAll","IsInherited":true},{"PrincipalSID":"RESOURCED.LOCAL-S-1-5-32-544","PrincipalType":"Group","RightName":"WriteDacl","IsInherited":true},{"PrincipalSID":"RESOURCED.LOCAL-S-1-5-32-544","PrincipalType":"Group","RightName":"WriteOwner","IsInherited":true}],"ObjectIdentifier":"085B120C-554B-4269-AD10-36DC56D15415","IsDeleted":false,"IsACLProtected":false},{"Properties":{"domain":"RESOURCED.LOCAL","name":"FOREIGNSECURITYPRINCIPALS@RESOURCED.LOCAL","distinguishedname":"CN=FOREIGNSECURITYPRINCIPALS,DC=RESOURCED,DC=LOCAL","domainsid":"S-1-5-21-537427935-490066102-1511301751","highvalue":false},"ChildObjects":[],"Aces":[{"PrincipalSID":"S-1-5-21-537427935-490066102-1511301751-512","PrincipalType":"Group","RightName":"Owns","IsInherited":false},{"PrincipalSID":"S-1-5-21-537427935-490066102-1511301751-512","PrincipalType":"Group","RightName":"GenericAll","IsInherited":false},{"PrincipalSID":"S-1-5-21-537427935-490066102-1511301751-519","PrincipalType":"Group","RightName":"GenericAll","IsInherited":true},{"PrincipalSID":"RESOURCED.LOCAL-S-1-5-32-544","PrincipalType":"Group","RightName":"WriteDacl","IsInherited":true},{"PrincipalSID":"RESOURCED.LOCAL-S-1-5-32-544","PrincipalType":"Group","RightName":"WriteOwner","IsInherited":true}],"ObjectIdentifier":"2610A983-E21E-41EE-B592-3CDA558541A4","IsDeleted":false,"IsACLProtected":false},{"Properties":{"domain":"RESOURCED.LOCAL","name":"MANAGED SERVICE ACCOUNTS@RESOURCED.LOCAL","distinguishedname":"CN=MANAGED SERVICE ACCOUNTS,DC=RESOURCED,DC=LOCAL","domainsid":"S-1-5-21-537427935-490066102-1511301751","highvalue":false},"ChildObjects":[],"Aces":[{"PrincipalSID":"S-1-5-21-537427935-490066102-1511301751-512","PrincipalType":"Group","RightName":"Owns","IsInherited":false},{"PrincipalSID":"S-1-5-21-537427935-490066102-1511301751-512","PrincipalType":"Group","RightName":"WriteDacl","IsInherited":false},{"PrincipalSID":"S-1-5-21-537427935-490066102-1511301751-512","PrincipalType":"Group","RightName":"WriteOwner","IsInherited":false},{"PrincipalSID":"S-1-5-21-537427935-490066102-1511301751-519","PrincipalType":"Group","RightName":"GenericAll","IsInherited":true},{"PrincipalSID":"RESOURCED.LOCAL-S-1-5-32-544","PrincipalType":"Group","RightName":"WriteDacl","IsInherited":true},{"PrincipalSID":"RESOURCED.LOCAL-S-1-5-32-544","PrincipalType":"Group","RightName":"WriteOwner","IsInherited":true}],"ObjectIdentifier":"EEB6C071-D4DF-4B46-89D2-8FF2EAF82135","IsDeleted":false,"IsACLProtected":false},{"Properties":{"domain":"RESOURCED.LOCAL","name":"SYSTEM@RESOURCED.LOCAL","distinguishedname":"CN=SYSTEM,DC=RESOURCED,DC=LOCAL","domainsid":"S-1-5-21-537427935-490066102-1511301751","highvalue":false},"ChildObjects":[],"Aces":[{"PrincipalSID":"S-1-5-21-537427935-490066102-1511301751-512","PrincipalType":"Group","RightName":"Owns","IsInherited":false},{"PrincipalSID":"S-1-5-21-537427935-490066102-1511301751-512","PrincipalType":"Group","RightName":"WriteDacl","IsInherited":false},{"PrincipalSID":"S-1-5-21-537427935-490066102-1511301751-512","PrincipalType":"Group","RightName":"WriteOwner","IsInherited":false},{"PrincipalSID":"S-1-5-21-537427935-490066102-1511301751-519","PrincipalType":"Group","RightName":"GenericAll","IsInherited":true},{"PrincipalSID":"RESOURCED.LOCAL-S-1-5-32-544","PrincipalType":"Group","RightName":"WriteDacl","IsInherited":true},{"PrincipalSID":"RESOURCED.LOCAL-S-1-5-32-544","PrincipalType":"Group","RightName":"WriteOwner","IsInherited":true}],"ObjectIdentifier":"CED7A26E-8378-4E71-B97A-3EE91A388144","IsDeleted":false,"IsACLProtected":false},{"Properties":{"domain":"RESOURCED.LOCAL","name":"PROGRAM DATA@RESOURCED.LOCAL","distinguishedname":"CN=PROGRAM DATA,DC=RESOURCED,DC=LOCAL","domainsid":"S-1-5-21-537427935-490066102-1511301751","highvalue":false},"ChildObjects":[],"Aces":[{"PrincipalSID":"S-1-5-21-537427935-490066102-1511301751-512","PrincipalType":"Group","RightName":"Owns","IsInherited":false},{"PrincipalSID":"S-1-5-21-537427935-490066102-1511301751-512","PrincipalType":"Group","RightName":"GenericAll","IsInherited":false},{"PrincipalSID":"S-1-5-21-537427935-490066102-1511301751-519","PrincipalType":"Group","RightName":"GenericAll","IsInherited":true},{"PrincipalSID":"RESOURCED.LOCAL-S-1-5-32-544","PrincipalType":"Group","RightName":"WriteDacl","IsInherited":true},{"PrincipalSID":"RESOURCED.LOCAL-S-1-5-32-544","PrincipalType":"Group","RightName":"WriteOwner","IsInherited":true}],"ObjectIdentifier":"2AA115B3-7B50-4C9F-978B-0E2542DFA2C1","IsDeleted":false,"IsACLProtected":false},{"Properties":{"domain":"RESOURCED.LOCAL","name":"COMPARTITIONSETS@RESOURCED.LOCAL","distinguishedname":"CN=COMPARTITIONSETS,CN=SYSTEM,DC=RESOURCED,DC=LOCAL","domainsid":"S-1-5-21-537427935-490066102-1511301751","highvalue":false},"ChildObjects":[],"Aces":[{"PrincipalSID":"S-1-5-21-537427935-490066102-1511301751-512","PrincipalType":"Group","RightName":"Owns","IsInherited":false},{"PrincipalSID":"S-1-5-21-537427935-490066102-1511301751-512","PrincipalType":"Group","RightName":"WriteDacl","IsInherited":false},{"PrincipalSID":"S-1-5-21-537427935-490066102-1511301751-512","PrincipalType":"Group","RightName":"WriteOwner","IsInherited":false},{"PrincipalSID":"S-1-5-21-537427935-490066102-1511301751-519","PrincipalType":"Group","RightName":"GenericAll","IsInherited":true},{"PrincipalSID":"RESOURCED.LOCAL-S-1-5-32-544","PrincipalType":"Group","RightName":"WriteDacl","IsInherited":true},{"PrincipalSID":"RESOURCED.LOCAL-S-1-5-32-544","PrincipalType":"Group","RightName":"WriteOwner","IsInherited":true}],"ObjectIdentifier":"ED041C26-B6D8-4368-AD8D-A94981C887AF","IsDeleted":false,"IsACLProtected":false},{"Properties":{"domain":"RESOURCED.LOCAL","name":"COMPARTITIONS@RESOURCED.LOCAL","distinguishedname":"CN=COMPARTITIONS,CN=SYSTEM,DC=RESOURCED,DC=LOCAL","domainsid":"S-1-5-21-537427935-490066102-1511301751","highvalue":false},"ChildObjects":[],"Aces":[{"PrincipalSID":"S-1-5-21-537427935-490066102-1511301751-512","PrincipalType":"Group","RightName":"Owns","IsInherited":false},{"PrincipalSID":"S-1-5-21-537427935-490066102-1511301751-512","PrincipalType":"Group","RightName":"WriteDacl","IsInherited":false},{"PrincipalSID":"S-1-5-21-537427935-490066102-1511301751-512","PrincipalType":"Group","RightName":"WriteOwner","IsInherited":false},{"PrincipalSID":"S-1-5-21-537427935-490066102-1511301751-519","PrincipalType":"Group","RightName":"GenericAll","IsInherited":true},{"PrincipalSID":"RESOURCED.LOCAL-S-1-5-32-544","PrincipalType":"Group","RightName":"WriteDacl","IsInherited":true},{"PrincipalSID":"RESOURCED.LOCAL-S-1-5-32-544","PrincipalType":"Group","RightName":"WriteOwner","IsInherited":true}],"ObjectIdentifier":"55828418-C13D-40EF-A40D-EC71D8FE235B","IsDeleted":false,"IsACLProtected":false},{"Properties":{"domain":"RESOURCED.LOCAL","name":"RAS AND IAS SERVERS ACCESS CHECK@RESOURCED.LOCAL","distinguishedname":"CN=RAS AND IAS SERVERS ACCESS CHECK,CN=SYSTEM,DC=RESOURCED,DC=LOCAL","domainsid":"S-1-5-21-537427935-490066102-1511301751","highvalue":false},"ChildObjects":[],"Aces":[{"PrincipalSID":"S-1-5-21-537427935-490066102-1511301751-512","PrincipalType":"Group","RightName":"Owns","IsInherited":false},{"PrincipalSID":"S-1-5-21-537427935-490066102-1511301751-553","PrincipalType":"Group","RightName":"WriteDacl","IsInherited":false},{"PrincipalSID":"S-1-5-21-537427935-490066102-1511301751-553","PrincipalType":"Group","RightName":"WriteOwner","IsInherited":false},{"PrincipalSID":"S-1-5-21-537427935-490066102-1511301751-519","PrincipalType":"Group","RightName":"GenericAll","IsInherited":true},{"PrincipalSID":"RESOURCED.LOCAL-S-1-5-32-544","PrincipalType":"Group","RightName":"WriteDacl","IsInherited":true},{"PrincipalSID":"RESOURCED.LOCAL-S-1-5-32-544","PrincipalType":"Group","RightName":"WriteOwner","IsInherited":true}],"ObjectIdentifier":"B2418BB2-83DB-438B-89B6-21B7D558131C","IsDeleted":false,"IsACLProtected":false},{"Properties":{"domain":"RESOURCED.LOCAL","name":"POLICIES@RESOURCED.LOCAL","distinguishedname":"CN=POLICIES,CN=SYSTEM,DC=RESOURCED,DC=LOCAL","domainsid":"S-1-5-21-537427935-490066102-1511301751","highvalue":false},"ChildObjects":[],"Aces":[{"PrincipalSID":"S-1-5-21-537427935-490066102-1511301751-512","PrincipalType":"Group","RightName":"Owns","IsInherited":false},{"PrincipalSID":"S-1-5-21-537427935-490066102-1511301751-512","PrincipalType":"Group","RightName":"WriteDacl","IsInherited":false},{"PrincipalSID":"S-1-5-21-537427935-490066102-1511301751-512","PrincipalType":"Group","RightName":"WriteOwner","IsInherited":false},{"PrincipalSID":"S-1-5-21-537427935-490066102-1511301751-519","PrincipalType":"Group","RightName":"GenericAll","IsInherited":true},{"PrincipalSID":"RESOURCED.LOCAL-S-1-5-32-544","PrincipalType":"Group","RightName":"WriteDacl","IsInherited":true},{"PrincipalSID":"RESOURCED.LOCAL-S-1-5-32-544","PrincipalType":"Group","RightName":"WriteOwner","IsInherited":true}],"ObjectIdentifier":"BAC26D5D-9D16-4848-80D8-BDE9ECAF37AA","IsDeleted":false,"IsACLProtected":false},{"Properties":{"domain":"RESOURCED.LOCAL","name":"MEETINGS@RESOURCED.LOCAL","distinguishedname":"CN=MEETINGS,CN=SYSTEM,DC=RESOURCED,DC=LOCAL","domainsid":"S-1-5-21-537427935-490066102-1511301751","highvalue":false},"ChildObjects":[],"Aces":[{"PrincipalSID":"S-1-5-21-537427935-490066102-1511301751-512","PrincipalType":"Group","RightName":"Owns","IsInherited":false},{"PrincipalSID":"S-1-5-21-537427935-490066102-1511301751-512","PrincipalType":"Group","RightName":"WriteDacl","IsInherited":false},{"PrincipalSID":"S-1-5-21-537427935-490066102-1511301751-512","PrincipalType":"Group","RightName":"WriteOwner","IsInherited":false},{"PrincipalSID":"S-1-5-21-537427935-490066102-1511301751-519","PrincipalType":"Group","RightName":"GenericAll","IsInherited":true},{"PrincipalSID":"RESOURCED.LOCAL-S-1-5-32-544","PrincipalType":"Group","RightName":"WriteDacl","IsInherited":true},{"PrincipalSID":"RESOURCED.LOCAL-S-1-5-32-544","PrincipalType":"Group","RightName":"WriteOwner","IsInherited":true}],"ObjectIdentifier":"03C3B040-D7B9-445F-8CF4-6A681B70F72E","IsDeleted":false,"IsACLProtected":false},{"Properties":{"domain":"RESOURCED.LOCAL","name":"RPCSERVICES@RESOURCED.LOCAL","distinguishedname":"CN=RPCSERVICES,CN=SYSTEM,DC=RESOURCED,DC=LOCAL","domainsid":"S-1-5-21-537427935-490066102-1511301751","highvalue":false},"ChildObjects":[],"Aces":[{"PrincipalSID":"S-1-5-21-537427935-490066102-1511301751-512","PrincipalType":"Group","RightName":"Owns","IsInherited":false},{"PrincipalSID":"S-1-5-21-537427935-490066102-1511301751-512","PrincipalType":"Group","RightName":"WriteDacl","IsInherited":false},{"PrincipalSID":"S-1-5-21-537427935-490066102-1511301751-512","PrincipalType":"Group","RightName":"WriteOwner","IsInherited":false},{"PrincipalSID":"S-1-5-21-537427935-490066102-1511301751-519","PrincipalType":"Group","RightName":"GenericAll","IsInherited":true},{"PrincipalSID":"RESOURCED.LOCAL-S-1-5-32-544","PrincipalType":"Group","RightName":"WriteDacl","IsInherited":true},{"PrincipalSID":"RESOURCED.LOCAL-S-1-5-32-544","PrincipalType":"Group","RightName":"WriteOwner","IsInherited":true}],"ObjectIdentifier":"AB282E1C-B551-4B1B-866B-71D3A4506EEB","IsDeleted":false,"IsACLProtected":false},{"Properties":{"domain":"RESOURCED.LOCAL","name":"WINSOCKSERVICES@RESOURCED.LOCAL","distinguishedname":"CN=WINSOCKSERVICES,CN=SYSTEM,DC=RESOURCED,DC=LOCAL","domainsid":"S-1-5-21-537427935-490066102-1511301751","highvalue":false},"ChildObjects":[],"Aces":[{"PrincipalSID":"S-1-5-21-537427935-490066102-1511301751-512","PrincipalType":"Group","RightName":"Owns","IsInherited":false},{"PrincipalSID":"S-1-5-21-537427935-490066102-1511301751-512","PrincipalType":"Group","RightName":"WriteDacl","IsInherited":false},{"PrincipalSID":"S-1-5-21-537427935-490066102-1511301751-512","PrincipalType":"Group","RightName":"WriteOwner","IsInherited":false},{"PrincipalSID":"S-1-5-21-537427935-490066102-1511301751-519","PrincipalType":"Group","RightName":"GenericAll","IsInherited":true},{"PrincipalSID":"RESOURCED.LOCAL-S-1-5-32-544","PrincipalType":"Group","RightName":"WriteDacl","IsInherited":true},{"PrincipalSID":"RESOURCED.LOCAL-S-1-5-32-544","PrincipalType":"Group","RightName":"WriteOwner","IsInherited":true}],"ObjectIdentifier":"2124C08C-7F92-423D-8552-DC9F88435F47","IsDeleted":false,"IsACLProtected":false},{"Properties":{"domain":"RESOURCED.LOCAL","name":"MICROSOFT@RESOURCED.LOCAL","distinguishedname":"CN=MICROSOFT,CN=PROGRAM DATA,DC=RESOURCED,DC=LOCAL","domainsid":"S-1-5-21-537427935-490066102-1511301751","highvalue":false},"ChildObjects":[],"Aces":[{"PrincipalSID":"S-1-5-21-537427935-490066102-1511301751-512","PrincipalType":"Group","RightName":"Owns","IsInherited":false},{"PrincipalSID":"S-1-5-21-537427935-490066102-1511301751-512","PrincipalType":"Group","RightName":"GenericAll","IsInherited":false},{"PrincipalSID":"S-1-5-21-537427935-490066102-1511301751-519","PrincipalType":"Group","RightName":"GenericAll","IsInherited":true},{"PrincipalSID":"RESOURCED.LOCAL-S-1-5-32-544","PrincipalType":"Group","RightName":"WriteDacl","IsInherited":true},{"PrincipalSID":"RESOURCED.LOCAL-S-1-5-32-544","PrincipalType":"Group","RightName":"WriteOwner","IsInherited":true}],"ObjectIdentifier":"CBCDFE43-5957-4E24-94DC-D8308DC27C34","IsDeleted":false,"IsACLProtected":false},{"Properties":{"domain":"RESOURCED.LOCAL","name":"USERS@RESOURCED.LOCAL","distinguishedname":"CN=USERS,DC=RESOURCED,DC=LOCAL","domainsid":"S-1-5-21-537427935-490066102-1511301751","highvalue":false},"ChildObjects":[{"ObjectIdentifier":"S-1-5-21-537427935-490066102-1511301751-500","ObjectType":"User"},{"ObjectIdentifier":"S-1-5-21-537427935-490066102-1511301751-571","ObjectType":"Group"},{"ObjectIdentifier":"S-1-5-21-537427935-490066102-1511301751-517","ObjectType":"Group"},{"ObjectIdentifier":"S-1-5-21-537427935-490066102-1511301751-522","ObjectType":"Group"},{"ObjectIdentifier":"S-1-5-21-537427935-490066102-1511301751-1111","ObjectType":"User"},{"ObjectIdentifier":"S-1-5-21-537427935-490066102-1511301751-572","ObjectType":"Group"},{"ObjectIdentifier":"S-1-5-21-537427935-490066102-1511301751-1101","ObjectType":"Group"},{"ObjectIdentifier":"S-1-5-21-537427935-490066102-1511301751-1102","ObjectType":"Group"},{"ObjectIdentifier":"S-1-5-21-537427935-490066102-1511301751-512","ObjectType":"Group"},{"ObjectIdentifier":"S-1-5-21-537427935-490066102-1511301751-515","ObjectType":"Group"},{"ObjectIdentifier":"S-1-5-21-537427935-490066102-1511301751-516","ObjectType":"Group"},{"ObjectIdentifier":"S-1-5-21-537427935-490066102-1511301751-514","ObjectType":"Group"},{"ObjectIdentifier":"S-1-5-21-537427935-490066102-1511301751-513","ObjectType":"Group"},{"ObjectIdentifier":"S-1-5-21-537427935-490066102-1511301751-519","ObjectType":"Group"},{"ObjectIdentifier":"S-1-5-21-537427935-490066102-1511301751-527","ObjectType":"Group"},{"ObjectIdentifier":"S-1-5-21-537427935-490066102-1511301751-498","ObjectType":"Group"},{"ObjectIdentifier":"S-1-5-21-537427935-490066102-1511301751-1112","ObjectType":"User"},{"ObjectIdentifier":"S-1-5-21-537427935-490066102-1511301751-520","ObjectType":"Group"},{"ObjectIdentifier":"S-1-5-21-537427935-490066102-1511301751-501","ObjectType":"User"},{"ObjectIdentifier":"S-1-5-21-537427935-490066102-1511301751-1106","ObjectType":"User"},{"ObjectIdentifier":"S-1-5-21-537427935-490066102-1511301751-1104","ObjectType":"User"},{"ObjectIdentifier":"S-1-5-21-537427935-490066102-1511301751-526","ObjectType":"Group"},{"ObjectIdentifier":"S-1-5-21-537427935-490066102-1511301751-502","ObjectType":"User"},{"ObjectIdentifier":"S-1-5-21-537427935-490066102-1511301751-1105","ObjectType":"User"},{"ObjectIdentifier":"S-1-5-21-537427935-490066102-1511301751-1103","ObjectType":"User"},{"ObjectIdentifier":"S-1-5-21-537427935-490066102-1511301751-1109","ObjectType":"User"},{"ObjectIdentifier":"S-1-5-21-537427935-490066102-1511301751-525","ObjectType":"Group"},{"ObjectIdentifier":"S-1-5-21-537427935-490066102-1511301751-1110","ObjectType":"User"},{"ObjectIdentifier":"S-1-5-21-537427935-490066102-1511301751-553","ObjectType":"Group"},{"ObjectIdentifier":"S-1-5-21-537427935-490066102-1511301751-521","ObjectType":"Group"},{"ObjectIdentifier":"S-1-5-21-537427935-490066102-1511301751-1108","ObjectType":"User"},{"ObjectIdentifier":"S-1-5-21-537427935-490066102-1511301751-518","ObjectType":"Group"},{"ObjectIdentifier":"S-1-5-21-537427935-490066102-1511301751-1107","ObjectType":"User"}],"Aces":[{"PrincipalSID":"S-1-5-21-537427935-490066102-1511301751-512","PrincipalType":"Group","RightName":"Owns","IsInherited":false},{"PrincipalSID":"S-1-5-21-537427935-490066102-1511301751-512","PrincipalType":"Group","RightName":"WriteDacl","IsInherited":false},{"PrincipalSID":"S-1-5-21-537427935-490066102-1511301751-512","PrincipalType":"Group","RightName":"WriteOwner","IsInherited":false},{"PrincipalSID":"S-1-5-21-537427935-490066102-1511301751-519","PrincipalType":"Group","RightName":"GenericAll","IsInherited":true},{"PrincipalSID":"RESOURCED.LOCAL-S-1-5-32-544","PrincipalType":"Group","RightName":"WriteDacl","IsInherited":true},{"PrincipalSID":"RESOURCED.LOCAL-S-1-5-32-544","PrincipalType":"Group","RightName":"WriteOwner","IsInherited":true}],"ObjectIdentifier":"6635D427-00B9-4A5A-83F8-521A2BD314CF","IsDeleted":false,"IsACLProtected":false}],"meta":{"methods":29695,"type":"containers","count":21,"version":5}}