﻿{"data":[{"Properties":{"domain":"RESOURCED.LOCAL","name":"DEFAULT DOMAIN POLICY@RESOURCED.LOCAL","distinguishedname":"CN={31B2F340-016D-11D2-945F-00C04FB984F9},CN=POLICIES,CN=SYSTEM,DC=RESOURCED,DC=LOCAL","domainsid":"S-1-5-21-537427935-490066102-1511301751","highvalue":false,"description":null,"whencreated":1633061305,"gpcpath":"\\\\RESOURCED.LOCAL\\SYSVOL\\RESOURCED.LOCAL\\POLICIES\\{31B2F340-016D-11D2-945F-00C04FB984F9}"},"Aces":[{"PrincipalSID":"S-1-5-21-537427935-490066102-1511301751-512","PrincipalType":"Group","RightName":"Owns","IsInherited":false},{"PrincipalSID":"S-1-5-21-537427935-490066102-1511301751-512","PrincipalType":"Group","RightName":"WriteDacl","IsInherited":false},{"PrincipalSID":"S-1-5-21-537427935-490066102-1511301751-512","PrincipalType":"Group","RightName":"WriteOwner","IsInherited":false},{"PrincipalSID":"S-1-5-21-537427935-490066102-1511301751-512","PrincipalType":"Group","RightName":"GenericWrite","IsInherited":false},{"PrincipalSID":"S-1-5-21-537427935-490066102-1511301751-512","PrincipalType":"Group","RightName":"WriteDacl","IsInherited":false},{"PrincipalSID":"S-1-5-21-537427935-490066102-1511301751-512","PrincipalType":"Group","RightName":"WriteOwner","IsInherited":false},{"PrincipalSID":"S-1-5-21-537427935-490066102-1511301751-512","PrincipalType":"Group","RightName":"GenericWrite","IsInherited":false},{"PrincipalSID":"S-1-5-21-537427935-490066102-1511301751-519","PrincipalType":"Group","RightName":"WriteDacl","IsInherited":false},{"PrincipalSID":"S-1-5-21-537427935-490066102-1511301751-519","PrincipalType":"Group","RightName":"WriteOwner","IsInherited":false},{"PrincipalSID":"S-1-5-21-537427935-490066102-1511301751-519","PrincipalType":"Group","RightName":"GenericWrite","IsInherited":false}],"ObjectIdentifier":"A156525D-6489-4553-9D2D-44A84E83FFF5","IsDeleted":false,"IsACLProtected":true},{"Properties":{"domain":"RESOURCED.LOCAL","name":"DEFAULT DOMAIN CONTROLLERS POLICY@RESOURCED.LOCAL","distinguishedname":"CN={6AC1786C-016F-11D2-945F-00C04FB984F9},CN=POLICIES,CN=SYSTEM,DC=RESOURCED,DC=LOCAL","domainsid":"S-1-5-21-537427935-490066102-1511301751","highvalue":false,"description":null,"whencreated":1633061305,"gpcpath":"\\\\RESOURCED.LOCAL\\SYSVOL\\RESOURCED.LOCAL\\POLICIES\\{6AC1786C-016F-11D2-945F-00C04FB984F9}"},"Aces":[{"PrincipalSID":"S-1-5-21-537427935-490066102-1511301751-512","PrincipalType":"Group","RightName":"Owns","IsInherited":false},{"PrincipalSID":"S-1-5-21-537427935-490066102-1511301751-512","PrincipalType":"Group","RightName":"WriteDacl","IsInherited":false},{"PrincipalSID":"S-1-5-21-537427935-490066102-1511301751-512","PrincipalType":"Group","RightName":"WriteOwner","IsInherited":false},{"PrincipalSID":"S-1-5-21-537427935-490066102-1511301751-512","PrincipalType":"Group","RightName":"GenericWrite","IsInherited":false},{"PrincipalSID":"S-1-5-21-537427935-490066102-1511301751-512","PrincipalType":"Group","RightName":"WriteDacl","IsInherited":false},{"PrincipalSID":"S-1-5-21-537427935-490066102-1511301751-512","PrincipalType":"Group","RightName":"WriteOwner","IsInherited":false},{"PrincipalSID":"S-1-5-21-537427935-490066102-1511301751-512","PrincipalType":"Group","RightName":"GenericWrite","IsInherited":false},{"PrincipalSID":"S-1-5-21-537427935-490066102-1511301751-519","PrincipalType":"Group","RightName":"WriteDacl","IsInherited":false},{"PrincipalSID":"S-1-5-21-537427935-490066102-1511301751-519","PrincipalType":"Group","RightName":"WriteOwner","IsInherited":false},{"PrincipalSID":"S-1-5-21-537427935-490066102-1511301751-519","PrincipalType":"Group","RightName":"GenericWrite","IsInherited":false}],"ObjectIdentifier":"2590E95D-FA6F-451A-A600-A3B9780BC4A2","IsDeleted":false,"IsACLProtected":true}],"meta":{"methods":29695,"type":"gpos","count":2,"version":5}}