﻿{"data":[{"GPOChanges":{"LocalAdmins":[],"RemoteDesktopUsers":[],"DcomUsers":[],"PSRemoteUsers":[],"AffectedComputers":[{"ObjectIdentifier":"S-1-5-21-537427935-490066102-1511301751-1000","ObjectType":"Computer"}]},"Properties":{"domain":"RESOURCED.LOCAL","name":"DOMAIN CONTROLLERS@RESOURCED.LOCAL","distinguishedname":"OU=DOMAIN CONTROLLERS,DC=RESOURCED,DC=LOCAL","domainsid":"S-1-5-21-537427935-490066102-1511301751","highvalue":false,"description":"Default container for domain controllers","whencreated":1633061305,"blocksinheritance":false},"Links":[{"IsEnforced":false,"GUID":"2590E95D-FA6F-451A-A600-A3B9780BC4A2"}],"ChildObjects":[{"ObjectIdentifier":"S-1-5-21-537427935-490066102-1511301751-1000","ObjectType":"Computer"}],"Aces":[{"PrincipalSID":"S-1-5-21-537427935-490066102-1511301751-512","PrincipalType":"Group","RightName":"Owns","IsInherited":false},{"PrincipalSID":"S-1-5-21-537427935-490066102-1511301751-512","PrincipalType":"Group","RightName":"WriteDacl","IsInherited":false},{"PrincipalSID":"S-1-5-21-537427935-490066102-1511301751-512","PrincipalType":"Group","RightName":"WriteOwner","IsInherited":false},{"PrincipalSID":"S-1-5-21-537427935-490066102-1511301751-519","PrincipalType":"Group","RightName":"GenericAll","IsInherited":true},{"PrincipalSID":"RESOURCED.LOCAL-S-1-5-32-544","PrincipalType":"Group","RightName":"WriteDacl","IsInherited":true},{"PrincipalSID":"RESOURCED.LOCAL-S-1-5-32-544","PrincipalType":"Group","RightName":"WriteOwner","IsInherited":true}],"ObjectIdentifier":"5FFEB5D4-8CC1-48BD-9E23-9C8982A53158","IsDeleted":false,"IsACLProtected":false}],"meta":{"methods":29695,"type":"ous","count":1,"version":5}}