﻿{"data":[{"Properties":{"domain":"RESOURCED.LOCAL","name":"RESOURCEDC.RESOURCED.LOCAL","distinguishedname":"CN=RESOURCEDC,OU=DOMAIN CONTROLLERS,DC=RESOURCED,DC=LOCAL","domainsid":"S-1-5-21-537427935-490066102-1511301751","highvalue":false,"samaccountname":"RESOURCEDC$","haslaps":false,"description":null,"whencreated":1633061333,"enabled":true,"unconstraineddelegation":true,"trustedtoauth":false,"lastlogon":1664391568,"lastlogontimestamp":1664391562,"pwdlastset":1664391562,"serviceprincipalnames":["Dfsr-12F9A27C-BF97-4787-9364-D31B6C55EB04/ResourceDC.resourced.local","ldap/ResourceDC.resourced.local/ForestDnsZones.resourced.local","ldap/ResourceDC.resourced.local/DomainDnsZones.resourced.local","TERMSRV/RESOURCEDC","TERMSRV/ResourceDC.resourced.local","DNS/ResourceDC.resourced.local","GC/ResourceDC.resourced.local/resourced.local","RestrictedKrbHost/ResourceDC.resourced.local","RestrictedKrbHost/RESOURCEDC","RPC/1f8b2b45-398a-449c-8712-a132f62b4567._msdcs.resourced.local","HOST/RESOURCEDC/resourced","HOST/ResourceDC.resourced.local/resourced","HOST/RESOURCEDC","HOST/ResourceDC.resourced.local","HOST/ResourceDC.resourced.local/resourced.local","E3514235-4B06-11D1-AB04-00C04FC2DCD2/1f8b2b45-398a-449c-8712-a132f62b4567/resourced.local","ldap/RESOURCEDC/resourced","ldap/1f8b2b45-398a-449c-8712-a132f62b4567._msdcs.resourced.local","ldap/ResourceDC.resourced.local/resourced","ldap/RESOURCEDC","ldap/ResourceDC.resourced.local","ldap/ResourceDC.resourced.local/resourced.local"],"operatingsystem":"Windows Server 2019 Standard Evaluation","sidhistory":[]},"PrimaryGroupSID":"S-1-5-21-537427935-490066102-1511301751-516","AllowedToDelegate":[],"AllowedToAct":[],"HasSIDHistory":[],"Sessions":{"Results":[],"Collected":false,"FailureReason":"ERROR_ACCESS_DENIED"},"PrivilegedSessions":{"Results":[],"Collected":false,"FailureReason":"ERROR_ACCESS_DENIED"},"RegistrySessions":{"Results":[{"UserSID":"S-1-5-21-537427935-490066102-1511301751-1105","ComputerSID":"S-1-5-21-537427935-490066102-1511301751-1000"}],"Collected":true,"FailureReason":null},"LocalAdmins":{"Results":[{"ObjectIdentifier":"S-1-5-21-537427935-490066102-1511301751-500","ObjectType":"User"},{"ObjectIdentifier":"S-1-5-21-537427935-490066102-1511301751-519","ObjectType":"Group"},{"ObjectIdentifier":"S-1-5-21-537427935-490066102-1511301751-512","ObjectType":"Group"}],"Collected":true,"FailureReason":null},"RemoteDesktopUsers":{"Results":[{"ObjectIdentifier":"S-1-5-21-537427935-490066102-1511301751-500","ObjectType":"User"},{"ObjectIdentifier":"S-1-5-21-537427935-490066102-1511301751-1105","ObjectType":"User"}],"Collected":true,"FailureReason":null},"DcomUsers":{"Results":[],"Collected":true,"FailureReason":null},"PSRemoteUsers":{"Results":[{"ObjectIdentifier":"S-1-5-21-537427935-490066102-1511301751-1105","ObjectType":"User"}],"Collected":true,"FailureReason":null},"Status":null,"Aces":[{"PrincipalSID":"S-1-5-21-537427935-490066102-1511301751-512","PrincipalType":"Group","RightName":"Owns","IsInherited":false},{"PrincipalSID":"S-1-5-21-537427935-490066102-1511301751-512","PrincipalType":"Group","RightName":"GenericAll","IsInherited":false},{"PrincipalSID":"S-1-5-21-537427935-490066102-1511301751-1105","PrincipalType":"User","RightName":"GenericAll","IsInherited":false},{"PrincipalSID":"S-1-5-21-537427935-490066102-1511301751-526","PrincipalType":"Group","RightName":"AddKeyCredentialLink","IsInherited":true},{"PrincipalSID":"S-1-5-21-537427935-490066102-1511301751-527","PrincipalType":"Group","RightName":"AddKeyCredentialLink","IsInherited":true},{"PrincipalSID":"S-1-5-21-537427935-490066102-1511301751-519","PrincipalType":"Group","RightName":"GenericAll","IsInherited":true},{"PrincipalSID":"RESOURCED.LOCAL-S-1-5-32-544","PrincipalType":"Group","RightName":"WriteDacl","IsInherited":true},{"PrincipalSID":"RESOURCED.LOCAL-S-1-5-32-544","PrincipalType":"Group","RightName":"WriteOwner","IsInherited":true},{"PrincipalSID":"RESOURCED.LOCAL-S-1-5-32-544","PrincipalType":"Group","RightName":"GenericWrite","IsInherited":true}],"ObjectIdentifier":"S-1-5-21-537427935-490066102-1511301751-1000","IsDeleted":false,"IsACLProtected":false}],"meta":{"methods":29695,"type":"computers","count":1,"version":5}}