{"data": [{"Properties": {"name": "THERESERVE-CA@CORP.THERESERVE.LOC", "highvalue": false, "CA Name": "THERESERVE-CA", "DNS Name": "CORPDC.corp.thereserve.loc", "Certificate Subject": "CN=THERESERVE-CA, DC=corp, DC=thereserve, DC=loc", "Certificate Serial Number": "21536581B5F3F0A94ADEE56472FAC9D1", "Certificate Validity Start": "2023-02-14 18:46:18+00:00", "Certificate Validity End": "2033-02-14 18:56:18+00:00", "Web Enrollment": "Disabled", "User Specified SAN": "Disabled", "Request Disposition": "Issue", "Enforce Encryption for Requests": "Enabled", "domain": "CORP.THERESERVE.LOC"}, "ObjectIdentifier": "36909168-af52-430a-8832-d08be567d6be", "Aces": [{"PrincipalSID": "CORP.THERESERVE.LOC-S-1-5-32-544", "PrincipalType": "Group", "RightName": "Owns", "IsInherited": false}, {"PrincipalSID": "CORP.THERESERVE.LOC-S-1-5-32-544", "PrincipalType": "Group", "RightName": "ManageCa", "IsInherited": false}, {"PrincipalSID": "CORP.THERESERVE.LOC-S-1-5-32-544", "PrincipalType": "Group", "RightName": "ManageCertificates", "IsInherited": false}, {"PrincipalSID": "S-1-5-21-170228521-1485475711-3199862024-512", "PrincipalType": "Group", "RightName": "ManageCa", "IsInherited": false}, {"PrincipalSID": "S-1-5-21-170228521-1485475711-3199862024-512", "PrincipalType": "Group", "RightName": "ManageCertificates", "IsInherited": false}, {"PrincipalSID": "S-1-5-21-1255581842-1300659601-3764024703-519", "PrincipalType": "Base", "RightName": "ManageCa", "IsInherited": false}, {"PrincipalSID": "S-1-5-21-1255581842-1300659601-3764024703-519", "PrincipalType": "Base", "RightName": "ManageCertificates", "IsInherited": false}, {"PrincipalSID": "CORP.THERESERVE.LOC-S-1-5-11", "PrincipalType": "Group", "RightName": "Enroll", "IsInherited": false}]}], "meta": {"count": 1, "type": "cas", "version": 4}}