{"data": [{"Properties": {"name": "WEBMANUALENROLL@CORP.THERESERVE.LOC", "highvalue": true, "Template Name": "WebManualEnroll", "Display Name": "Web Manual Enroll", "Certificate Authorities": ["THERESERVE-CA"], "Enabled": true, "Client Authentication": true, "Enrollment Agent": false, "Any Purpose": false, "Enrollee Supplies Subject": true, "Certificate Name Flag": ["EnrolleeSuppliesSubject"], "Enrollment Flag": ["PublishToDs"], "Extended Key Usage": ["Server Authentication", "Client Authentication"], "Requires Manager Approval": false, "Requires Key Archival": false, "Authorized Signatures Required": 0, "Validity Period": "2 years", "Renewal Period": "6 weeks", "Minimum RSA Key Length": 2048, "domain": "CORP.THERESERVE.LOC"}, "ObjectIdentifier": "4034b3b8-10b6-4d46-a04d-a1a55cd902b7", "Aces": [{"PrincipalSID": "S-1-5-21-1255581842-1300659601-3764024703-500", "PrincipalType": "Base", "RightName": "Owns", "IsInherited": false}, {"PrincipalSID": "S-1-5-21-170228521-1485475711-3199862024-1113", "PrincipalType": "Computer", "RightName": "Enroll", "IsInherited": false}, {"PrincipalSID": "S-1-5-21-170228521-1485475711-3199862024-1113", "PrincipalType": "Computer", "RightName": "AutoEnroll", "IsInherited": false}, {"PrincipalSID": "S-1-5-21-170228521-1485475711-3199862024-1009", "PrincipalType": "Computer", "RightName": "Enroll", "IsInherited": false}, {"PrincipalSID": "S-1-5-21-170228521-1485475711-3199862024-1009", "PrincipalType": "Computer", "RightName": "AutoEnroll", "IsInherited": false}, {"PrincipalSID": "S-1-5-21-1255581842-1300659601-3764024703-512", "PrincipalType": "Base", "RightName": "WriteOwner", "IsInherited": false}, {"PrincipalSID": "S-1-5-21-1255581842-1300659601-3764024703-512", "PrincipalType": "Base", "RightName": "WriteDacl", "IsInherited": false}, {"PrincipalSID": "S-1-5-21-1255581842-1300659601-3764024703-512", "PrincipalType": "Base", "RightName": "WriteProperty", "IsInherited": false}, {"PrincipalSID": "S-1-5-21-1255581842-1300659601-3764024703-512", "PrincipalType": "Base", "RightName": "Enroll", "IsInherited": false}, {"PrincipalSID": "S-1-5-21-1255581842-1300659601-3764024703-519", "PrincipalType": "Base", "RightName": "WriteOwner", "IsInherited": false}, {"PrincipalSID": "S-1-5-21-1255581842-1300659601-3764024703-519", "PrincipalType": "Base", "RightName": "WriteDacl", "IsInherited": false}, {"PrincipalSID": "S-1-5-21-1255581842-1300659601-3764024703-519", "PrincipalType": "Base", "RightName": "WriteProperty", "IsInherited": false}, {"PrincipalSID": "S-1-5-21-1255581842-1300659601-3764024703-519", "PrincipalType": "Base", "RightName": "Enroll", "IsInherited": false}, {"PrincipalSID": "S-1-5-21-1255581842-1300659601-3764024703-500", "PrincipalType": "Base", "RightName": "WriteOwner", "IsInherited": false}, {"PrincipalSID": "S-1-5-21-1255581842-1300659601-3764024703-500", "PrincipalType": "Base", "RightName": "WriteDacl", "IsInherited": false}, {"PrincipalSID": "S-1-5-21-1255581842-1300659601-3764024703-500", "PrincipalType": "Base", "RightName": "WriteProperty", "IsInherited": false}], "cas_ids": ["36909168-af52-430a-8832-d08be567d6be"]}, {"Properties": {"name": "KERBEROSAUTHENTICATION@CORP.THERESERVE.LOC", "highvalue": false, "Template Name": "KerberosAuthentication", "Display Name": "Kerberos Authentication", "Certificate Authorities": ["THERESERVE-CA"], "Enabled": true, "Client Authentication": true, "Enrollment Agent": false, "Any Purpose": false, "Enrollee Supplies Subject": false, "Certificate Name Flag": ["SubjectAltRequireDomainDns", "SubjectAltRequireDns"], "Enrollment Flag": ["AutoEnrollment"], "Extended Key Usage": ["Client Authentication", "Server Authentication", "Smart Card Logon", "KDC Authentication"], "Requires Manager Approval": false, "Requires Key Archival": false, "Authorized Signatures Required": 0, "Validity Period": "1 year", "Renewal Period": "6 weeks", "Minimum RSA Key Length": 2048, "domain": "CORP.THERESERVE.LOC"}, "ObjectIdentifier": "4e5f88a7-a4e8-40a3-ba56-e4ebc74df00c", "Aces": [{"PrincipalSID": "S-1-5-21-1255581842-1300659601-3764024703-519", "PrincipalType": "Base", "RightName": "Owns", "IsInherited": false}, {"PrincipalSID": "S-1-5-21-1255581842-1300659601-3764024703-498", "PrincipalType": "Base", "RightName": "Enroll", "IsInherited": false}, {"PrincipalSID": "S-1-5-21-1255581842-1300659601-3764024703-498", "PrincipalType": "Base", "RightName": "AutoEnroll", "IsInherited": false}, {"PrincipalSID": "S-1-5-21-1255581842-1300659601-3764024703-512", "PrincipalType": "Base", "RightName": "WriteOwner", "IsInherited": false}, {"PrincipalSID": "S-1-5-21-1255581842-1300659601-3764024703-512", "PrincipalType": "Base", "RightName": "WriteDacl", "IsInherited": false}, {"PrincipalSID": "S-1-5-21-1255581842-1300659601-3764024703-512", "PrincipalType": "Base", "RightName": "WriteProperty", "IsInherited": false}, {"PrincipalSID": "S-1-5-21-1255581842-1300659601-3764024703-512", "PrincipalType": "Base", "RightName": "Enroll", "IsInherited": false}, {"PrincipalSID": "S-1-5-21-1255581842-1300659601-3764024703-516", "PrincipalType": "Base", "RightName": "Enroll", "IsInherited": false}, {"PrincipalSID": "S-1-5-21-1255581842-1300659601-3764024703-516", "PrincipalType": "Base", "RightName": "AutoEnroll", "IsInherited": false}, {"PrincipalSID": "S-1-5-21-1255581842-1300659601-3764024703-519", "PrincipalType": "Base", "RightName": "WriteOwner", "IsInherited": false}, {"PrincipalSID": "S-1-5-21-1255581842-1300659601-3764024703-519", "PrincipalType": "Base", "RightName": "WriteDacl", "IsInherited": false}, {"PrincipalSID": "S-1-5-21-1255581842-1300659601-3764024703-519", "PrincipalType": "Base", "RightName": "WriteProperty", "IsInherited": false}, {"PrincipalSID": "S-1-5-21-1255581842-1300659601-3764024703-519", "PrincipalType": "Base", "RightName": "Enroll", "IsInherited": false}, {"PrincipalSID": "CORP.THERESERVE.LOC-S-1-5-9", "PrincipalType": "Group", "RightName": "Enroll", "IsInherited": false}, {"PrincipalSID": "CORP.THERESERVE.LOC-S-1-5-9", "PrincipalType": "Group", "RightName": "AutoEnroll", "IsInherited": false}], "cas_ids": ["36909168-af52-430a-8832-d08be567d6be"]}, {"Properties": {"name": "OCSPRESPONSESIGNING@CORP.THERESERVE.LOC", "highvalue": false, "Template Name": "OCSPResponseSigning", "Display Name": "OCSP Response Signing", "Enabled": false, "Client Authentication": false, "Enrollment Agent": false, "Any Purpose": false, "Enrollee Supplies Subject": false, "Certificate Name Flag": ["SubjectAltRequireDns", "SubjectRequireDnsAsCn"], "Enrollment Flag": ["AddOcspNocheck", "Norevocationinfoinissuedcerts"], "Extended Key Usage": ["OCSP Signing"], "Requires Manager Approval": false, "Requires Key Archival": false, "Authorized Signatures Required": 0, "Validity Period": "2 weeks", "Renewal Period": "2 days", "Minimum RSA Key Length": 2048, "domain": "CORP.THERESERVE.LOC"}, "ObjectIdentifier": "8eb2591f-b65d-43eb-b88b-662f9c1d762b", "Aces": [{"PrincipalSID": "S-1-5-21-1255581842-1300659601-3764024703-519", "PrincipalType": "Base", "RightName": "Owns", "IsInherited": false}, {"PrincipalSID": "S-1-5-21-1255581842-1300659601-3764024703-512", "PrincipalType": "Base", "RightName": "WriteOwner", "IsInherited": false}, {"PrincipalSID": "S-1-5-21-1255581842-1300659601-3764024703-512", "PrincipalType": "Base", "RightName": "WriteDacl", "IsInherited": false}, {"PrincipalSID": "S-1-5-21-1255581842-1300659601-3764024703-512", "PrincipalType": "Base", "RightName": "WriteProperty", "IsInherited": false}, {"PrincipalSID": "S-1-5-21-1255581842-1300659601-3764024703-512", "PrincipalType": "Base", "RightName": "Enroll", "IsInherited": false}, {"PrincipalSID": "S-1-5-21-1255581842-1300659601-3764024703-519", "PrincipalType": "Base", "RightName": "WriteOwner", "IsInherited": false}, {"PrincipalSID": "S-1-5-21-1255581842-1300659601-3764024703-519", "PrincipalType": "Base", "RightName": "WriteDacl", "IsInherited": false}, {"PrincipalSID": "S-1-5-21-1255581842-1300659601-3764024703-519", "PrincipalType": "Base", "RightName": "WriteProperty", "IsInherited": false}, {"PrincipalSID": "S-1-5-21-1255581842-1300659601-3764024703-519", "PrincipalType": "Base", "RightName": "Enroll", "IsInherited": false}], "cas_ids": null}, {"Properties": {"name": "RASANDIASSERVER@CORP.THERESERVE.LOC", "highvalue": false, "Template Name": "RASAndIASServer", "Display Name": "RAS and IAS Server", "Enabled": false, "Client Authentication": true, "Enrollment Agent": false, "Any Purpose": false, "Enrollee Supplies Subject": false, "Certificate Name Flag": ["SubjectAltRequireDns", "SubjectRequireCommonName"], "Enrollment Flag": ["AutoEnrollment"], "Extended Key Usage": ["Client Authentication", "Server Authentication"], "Requires Manager Approval": false, "Requires Key Archival": false, "Authorized Signatures Required": 0, "Validity Period": "1 year", "Renewal Period": "6 weeks", "Minimum RSA Key Length": 2048, "domain": "CORP.THERESERVE.LOC"}, "ObjectIdentifier": "3640205f-e9f8-4a8d-88b6-4260dc3ab52b", "Aces": [{"PrincipalSID": "S-1-5-21-1255581842-1300659601-3764024703-519", "PrincipalType": "Base", "RightName": "Owns", "IsInherited": false}, {"PrincipalSID": "S-1-5-21-1255581842-1300659601-3764024703-512", "PrincipalType": "Base", "RightName": "WriteOwner", "IsInherited": false}, {"PrincipalSID": "S-1-5-21-1255581842-1300659601-3764024703-512", "PrincipalType": "Base", "RightName": "WriteDacl", "IsInherited": false}, {"PrincipalSID": "S-1-5-21-1255581842-1300659601-3764024703-512", "PrincipalType": "Base", "RightName": "WriteProperty", "IsInherited": false}, {"PrincipalSID": "S-1-5-21-1255581842-1300659601-3764024703-512", "PrincipalType": "Base", "RightName": "Enroll", "IsInherited": false}, {"PrincipalSID": "S-1-5-21-1255581842-1300659601-3764024703-519", "PrincipalType": "Base", "RightName": "WriteOwner", "IsInherited": false}, {"PrincipalSID": "S-1-5-21-1255581842-1300659601-3764024703-519", "PrincipalType": "Base", "RightName": "WriteDacl", "IsInherited": false}, {"PrincipalSID": "S-1-5-21-1255581842-1300659601-3764024703-519", "PrincipalType": "Base", "RightName": "WriteProperty", "IsInherited": false}, {"PrincipalSID": "S-1-5-21-1255581842-1300659601-3764024703-519", "PrincipalType": "Base", "RightName": "Enroll", "IsInherited": false}, {"PrincipalSID": "S-1-5-21-1255581842-1300659601-3764024703-553", "PrincipalType": "Base", "RightName": "Enroll", "IsInherited": false}], "cas_ids": null}, {"Properties": {"name": "WORKSTATION@CORP.THERESERVE.LOC", "highvalue": false, "Template Name": "Workstation", "Display Name": "Workstation Authentication", "Enabled": false, "Client Authentication": true, "Enrollment Agent": false, "Any Purpose": false, "Enrollee Supplies Subject": false, "Certificate Name Flag": ["SubjectAltRequireDns"], "Enrollment Flag": ["AutoEnrollment"], "Extended Key Usage": ["Client Authentication"], "Requires Manager Approval": false, "Requires Key Archival": false, "Authorized Signatures Required": 0, "Validity Period": "1 year", "Renewal Period": "6 weeks", "Minimum RSA Key Length": 2048, "domain": "CORP.THERESERVE.LOC"}, "ObjectIdentifier": "d4598506-099d-4eca-89bc-74ab312b2319", "Aces": [{"PrincipalSID": "S-1-5-21-1255581842-1300659601-3764024703-519", "PrincipalType": "Base", "RightName": "Owns", "IsInherited": false}, {"PrincipalSID": "S-1-5-21-1255581842-1300659601-3764024703-512", "PrincipalType": "Base", "RightName": "WriteOwner", "IsInherited": false}, {"PrincipalSID": "S-1-5-21-1255581842-1300659601-3764024703-512", "PrincipalType": "Base", "RightName": "WriteDacl", "IsInherited": false}, {"PrincipalSID": "S-1-5-21-1255581842-1300659601-3764024703-512", "PrincipalType": "Base", "RightName": "WriteProperty", "IsInherited": false}, {"PrincipalSID": "S-1-5-21-1255581842-1300659601-3764024703-512", "PrincipalType": "Base", "RightName": "Enroll", "IsInherited": false}, {"PrincipalSID": "S-1-5-21-1255581842-1300659601-3764024703-515", "PrincipalType": "Base", "RightName": "Enroll", "IsInherited": false}, {"PrincipalSID": "S-1-5-21-1255581842-1300659601-3764024703-519", "PrincipalType": "Base", "RightName": "WriteOwner", "IsInherited": false}, {"PrincipalSID": "S-1-5-21-1255581842-1300659601-3764024703-519", "PrincipalType": "Base", "RightName": "WriteDacl", "IsInherited": false}, {"PrincipalSID": "S-1-5-21-1255581842-1300659601-3764024703-519", "PrincipalType": "Base", "RightName": "WriteProperty", "IsInherited": false}, {"PrincipalSID": "S-1-5-21-1255581842-1300659601-3764024703-519", "PrincipalType": "Base", "RightName": "Enroll", "IsInherited": false}], "cas_ids": null}, {"Properties": {"name": "DIRECTORYEMAILREPLICATION@CORP.THERESERVE.LOC", "highvalue": false, "Template Name": "DirectoryEmailReplication", "Display Name": "Directory Email Replication", "Certificate Authorities": ["THERESERVE-CA"], "Enabled": true, "Client Authentication": false, "Enrollment Agent": false, "Any Purpose": false, "Enrollee Supplies Subject": false, "Certificate Name Flag": ["SubjectAltRequireDirectoryGuid", "SubjectAltRequireDns"], "Enrollment Flag": ["IncludeSymmetricAlgorithms", "PublishToDs", "AutoEnrollment"], "Extended Key Usage": ["Directory Service Email Replication"], "Requires Manager Approval": false, "Requires Key Archival": false, "Authorized Signatures Required": 0, "Validity Period": "1 year", "Renewal Period": "6 weeks", "Minimum RSA Key Length": 2048, "domain": "CORP.THERESERVE.LOC"}, "ObjectIdentifier": "2c21e82e-c374-467e-8fa6-57af7e4f47e6", "Aces": [{"PrincipalSID": "S-1-5-21-1255581842-1300659601-3764024703-519", "PrincipalType": "Base", "RightName": "Owns", "IsInherited": false}, {"PrincipalSID": "S-1-5-21-1255581842-1300659601-3764024703-498", "PrincipalType": "Base", "RightName": "Enroll", "IsInherited": false}, {"PrincipalSID": "S-1-5-21-1255581842-1300659601-3764024703-498", "PrincipalType": "Base", "RightName": "AutoEnroll", "IsInherited": false}, {"PrincipalSID": "S-1-5-21-1255581842-1300659601-3764024703-512", "PrincipalType": "Base", "RightName": "WriteOwner", "IsInherited": false}, {"PrincipalSID": "S-1-5-21-1255581842-1300659601-3764024703-512", "PrincipalType": "Base", "RightName": "WriteDacl", "IsInherited": false}, {"PrincipalSID": "S-1-5-21-1255581842-1300659601-3764024703-512", "PrincipalType": "Base", "RightName": "WriteProperty", "IsInherited": false}, {"PrincipalSID": "S-1-5-21-1255581842-1300659601-3764024703-512", "PrincipalType": "Base", "RightName": "Enroll", "IsInherited": false}, {"PrincipalSID": "S-1-5-21-1255581842-1300659601-3764024703-516", "PrincipalType": "Base", "RightName": "Enroll", "IsInherited": false}, {"PrincipalSID": "S-1-5-21-1255581842-1300659601-3764024703-516", "PrincipalType": "Base", "RightName": "AutoEnroll", "IsInherited": false}, {"PrincipalSID": "S-1-5-21-1255581842-1300659601-3764024703-519", "PrincipalType": "Base", "RightName": "WriteOwner", "IsInherited": false}, {"PrincipalSID": "S-1-5-21-1255581842-1300659601-3764024703-519", "PrincipalType": "Base", "RightName": "WriteDacl", "IsInherited": false}, {"PrincipalSID": "S-1-5-21-1255581842-1300659601-3764024703-519", "PrincipalType": "Base", "RightName": "WriteProperty", "IsInherited": false}, {"PrincipalSID": "S-1-5-21-1255581842-1300659601-3764024703-519", "PrincipalType": "Base", "RightName": "Enroll", "IsInherited": false}, {"PrincipalSID": "CORP.THERESERVE.LOC-S-1-5-9", "PrincipalType": "Group", "RightName": "Enroll", "IsInherited": false}, {"PrincipalSID": "CORP.THERESERVE.LOC-S-1-5-9", "PrincipalType": "Group", "RightName": "AutoEnroll", "IsInherited": false}], "cas_ids": ["36909168-af52-430a-8832-d08be567d6be"]}, {"Properties": {"name": "DOMAINCONTROLLERAUTHENTICATION@CORP.THERESERVE.LOC", "highvalue": false, "Template Name": "DomainControllerAuthentication", "Display Name": "Domain Controller Authentication", "Certificate Authorities": ["THERESERVE-CA"], "Enabled": true, "Client Authentication": true, "Enrollment Agent": false, "Any Purpose": false, "Enrollee Supplies Subject": false, "Certificate Name Flag": ["SubjectAltRequireDns"], "Enrollment Flag": ["AutoEnrollment"], "Extended Key Usage": ["Client Authentication", "Server Authentication", "Smart Card Logon"], "Requires Manager Approval": false, "Requires Key Archival": false, "Authorized Signatures Required": 0, "Validity Period": "1 year", "Renewal Period": "6 weeks", "Minimum RSA Key Length": 2048, "domain": "CORP.THERESERVE.LOC"}, "ObjectIdentifier": "de37a6a9-b2f2-4c87-8113-af171a4d0c97", "Aces": [{"PrincipalSID": "S-1-5-21-1255581842-1300659601-3764024703-519", "PrincipalType": "Base", "RightName": "Owns", "IsInherited": false}, {"PrincipalSID": "S-1-5-21-1255581842-1300659601-3764024703-498", "PrincipalType": "Base", "RightName": "Enroll", "IsInherited": false}, {"PrincipalSID": "S-1-5-21-1255581842-1300659601-3764024703-498", "PrincipalType": "Base", "RightName": "AutoEnroll", "IsInherited": false}, {"PrincipalSID": "S-1-5-21-1255581842-1300659601-3764024703-512", "PrincipalType": "Base", "RightName": "WriteOwner", "IsInherited": false}, {"PrincipalSID": "S-1-5-21-1255581842-1300659601-3764024703-512", "PrincipalType": "Base", "RightName": "WriteDacl", "IsInherited": false}, {"PrincipalSID": "S-1-5-21-1255581842-1300659601-3764024703-512", "PrincipalType": "Base", "RightName": "WriteProperty", "IsInherited": false}, {"PrincipalSID": "S-1-5-21-1255581842-1300659601-3764024703-512", "PrincipalType": "Base", "RightName": "Enroll", "IsInherited": false}, {"PrincipalSID": "S-1-5-21-1255581842-1300659601-3764024703-516", "PrincipalType": "Base", "RightName": "Enroll", "IsInherited": false}, {"PrincipalSID": "S-1-5-21-1255581842-1300659601-3764024703-516", "PrincipalType": "Base", "RightName": "AutoEnroll", "IsInherited": false}, {"PrincipalSID": "S-1-5-21-1255581842-1300659601-3764024703-519", "PrincipalType": "Base", "RightName": "WriteOwner", "IsInherited": false}, {"PrincipalSID": "S-1-5-21-1255581842-1300659601-3764024703-519", "PrincipalType": "Base", "RightName": "WriteDacl", "IsInherited": false}, {"PrincipalSID": "S-1-5-21-1255581842-1300659601-3764024703-519", "PrincipalType": "Base", "RightName": "WriteProperty", "IsInherited": false}, {"PrincipalSID": "S-1-5-21-1255581842-1300659601-3764024703-519", "PrincipalType": "Base", "RightName": "Enroll", "IsInherited": false}, {"PrincipalSID": "CORP.THERESERVE.LOC-S-1-5-9", "PrincipalType": "Group", "RightName": "Enroll", "IsInherited": false}, {"PrincipalSID": "CORP.THERESERVE.LOC-S-1-5-9", "PrincipalType": "Group", "RightName": "AutoEnroll", "IsInherited": false}], "cas_ids": ["36909168-af52-430a-8832-d08be567d6be"]}, {"Properties": {"name": "KEYRECOVERYAGENT@CORP.THERESERVE.LOC", "highvalue": false, "Template Name": "KeyRecoveryAgent", "Display Name": "Key Recovery Agent", "Enabled": false, "Client Authentication": false, "Enrollment Agent": false, "Any Purpose": false, "Enrollee Supplies Subject": false, "Certificate Name Flag": ["SubjectAltRequireUpn", "SubjectRequireDirectoryPath"], "Enrollment Flag": ["IncludeSymmetricAlgorithms", "PendAllRequests", "PublishToKraContainer", "AutoEnrollment"], "Private Key Flag": ["ExportableKey"], "Extended Key Usage": ["Key Recovery Agent"], "Requires Manager Approval": true, "Requires Key Archival": false, "Authorized Signatures Required": 0, "Validity Period": "2 years", "Renewal Period": "6 weeks", "Minimum RSA Key Length": 2048, "domain": "CORP.THERESERVE.LOC"}, "ObjectIdentifier": "9f4b36d9-ddfe-42b7-81ad-816a7a120c0e", "Aces": [{"PrincipalSID": "S-1-5-21-1255581842-1300659601-3764024703-519", "PrincipalType": "Base", "RightName": "Owns", "IsInherited": false}, {"PrincipalSID": "S-1-5-21-1255581842-1300659601-3764024703-512", "PrincipalType": "Base", "RightName": "WriteOwner", "IsInherited": false}, {"PrincipalSID": "S-1-5-21-1255581842-1300659601-3764024703-512", "PrincipalType": "Base", "RightName": "WriteDacl", "IsInherited": false}, {"PrincipalSID": "S-1-5-21-1255581842-1300659601-3764024703-512", "PrincipalType": "Base", "RightName": "WriteProperty", "IsInherited": false}, {"PrincipalSID": "S-1-5-21-1255581842-1300659601-3764024703-512", "PrincipalType": "Base", "RightName": "Enroll", "IsInherited": false}, {"PrincipalSID": "S-1-5-21-1255581842-1300659601-3764024703-519", "PrincipalType": "Base", "RightName": "WriteOwner", "IsInherited": false}, {"PrincipalSID": "S-1-5-21-1255581842-1300659601-3764024703-519", "PrincipalType": "Base", "RightName": "WriteDacl", "IsInherited": false}, {"PrincipalSID": "S-1-5-21-1255581842-1300659601-3764024703-519", "PrincipalType": "Base", "RightName": "WriteProperty", "IsInherited": false}, {"PrincipalSID": "S-1-5-21-1255581842-1300659601-3764024703-519", "PrincipalType": "Base", "RightName": "Enroll", "IsInherited": false}], "cas_ids": null}, {"Properties": {"name": "CAEXCHANGE@CORP.THERESERVE.LOC", "highvalue": false, "Template Name": "CAExchange", "Display Name": "CA Exchange", "Enabled": false, "Client Authentication": false, "Enrollment Agent": false, "Any Purpose": false, "Enrollee Supplies Subject": true, "Certificate Name Flag": ["EnrolleeSuppliesSubject"], "Enrollment Flag": ["IncludeSymmetricAlgorithms"], "Extended Key Usage": ["Private Key Archival"], "Requires Manager Approval": false, "Requires Key Archival": false, "Authorized Signatures Required": 0, "Validity Period": "1 week", "Renewal Period": "1 day", "Minimum RSA Key Length": 2048, "domain": "CORP.THERESERVE.LOC"}, "ObjectIdentifier": "7e26da8b-0fcc-4a61-8feb-d693986896d7", "Aces": [{"PrincipalSID": "S-1-5-21-1255581842-1300659601-3764024703-519", "PrincipalType": "Base", "RightName": "Owns", "IsInherited": false}, {"PrincipalSID": "S-1-5-21-1255581842-1300659601-3764024703-512", "PrincipalType": "Base", "RightName": "WriteOwner", "IsInherited": false}, {"PrincipalSID": "S-1-5-21-1255581842-1300659601-3764024703-512", "PrincipalType": "Base", "RightName": "WriteDacl", "IsInherited": false}, {"PrincipalSID": "S-1-5-21-1255581842-1300659601-3764024703-512", "PrincipalType": "Base", "RightName": "WriteProperty", "IsInherited": false}, {"PrincipalSID": "S-1-5-21-1255581842-1300659601-3764024703-512", "PrincipalType": "Base", "RightName": "Enroll", "IsInherited": false}, {"PrincipalSID": "S-1-5-21-1255581842-1300659601-3764024703-519", "PrincipalType": "Base", "RightName": "WriteOwner", "IsInherited": false}, {"PrincipalSID": "S-1-5-21-1255581842-1300659601-3764024703-519", "PrincipalType": "Base", "RightName": "WriteDacl", "IsInherited": false}, {"PrincipalSID": "S-1-5-21-1255581842-1300659601-3764024703-519", "PrincipalType": "Base", "RightName": "WriteProperty", "IsInherited": false}, {"PrincipalSID": "S-1-5-21-1255581842-1300659601-3764024703-519", "PrincipalType": "Base", "RightName": "Enroll", "IsInherited": false}], "cas_ids": null}, {"Properties": {"name": "CROSSCA@CORP.THERESERVE.LOC", "highvalue": false, "Template Name": "CrossCA", "Display Name": "Cross Certification Authority", "Enabled": false, "Client Authentication": true, "Enrollment Agent": true, "Any Purpose": true, "Enrollee Supplies Subject": true, "Certificate Name Flag": ["EnrolleeSuppliesSubject"], "Enrollment Flag": ["PublishToDs"], "Private Key Flag": ["ExportableKey"], "Requires Manager Approval": false, "Requires Key Archival": false, "Authorized Signatures Required": 1, "Validity Period": "5 years", "Renewal Period": "6 weeks", "Minimum RSA Key Length": 2048, "domain": "CORP.THERESERVE.LOC"}, "ObjectIdentifier": "407bf7e4-e6f8-414b-8178-dcf23b5aed11", "Aces": [{"PrincipalSID": "S-1-5-21-1255581842-1300659601-3764024703-519", "PrincipalType": "Base", "RightName": "Owns", "IsInherited": false}, {"PrincipalSID": "S-1-5-21-1255581842-1300659601-3764024703-512", "PrincipalType": "Base", "RightName": "WriteOwner", "IsInherited": false}, {"PrincipalSID": "S-1-5-21-1255581842-1300659601-3764024703-512", "PrincipalType": "Base", "RightName": "WriteDacl", "IsInherited": false}, {"PrincipalSID": "S-1-5-21-1255581842-1300659601-3764024703-512", "PrincipalType": "Base", "RightName": "WriteProperty", "IsInherited": false}, {"PrincipalSID": "S-1-5-21-1255581842-1300659601-3764024703-512", "PrincipalType": "Base", "RightName": "Enroll", "IsInherited": false}, {"PrincipalSID": "S-1-5-21-1255581842-1300659601-3764024703-519", "PrincipalType": "Base", "RightName": "WriteOwner", "IsInherited": false}, {"PrincipalSID": "S-1-5-21-1255581842-1300659601-3764024703-519", "PrincipalType": "Base", "RightName": "WriteDacl", "IsInherited": false}, {"PrincipalSID": "S-1-5-21-1255581842-1300659601-3764024703-519", "PrincipalType": "Base", "RightName": "WriteProperty", "IsInherited": false}, {"PrincipalSID": "S-1-5-21-1255581842-1300659601-3764024703-519", "PrincipalType": "Base", "RightName": "Enroll", "IsInherited": false}], "cas_ids": null}, {"Properties": {"name": "EXCHANGEUSERSIGNATURE@CORP.THERESERVE.LOC", "highvalue": false, "Template Name": "ExchangeUserSignature", "Display Name": "Exchange Signature Only", "Enabled": false, "Client Authentication": false, "Enrollment Agent": false, "Any Purpose": false, "Enrollee Supplies Subject": true, "Certificate Name Flag": ["EnrolleeSuppliesSubject"], "Extended Key Usage": ["Secure Email"], "Requires Manager Approval": false, "Requires Key Archival": false, "Authorized Signatures Required": 0, "Validity Period": "1 year", "Renewal Period": "6 weeks", "Minimum RSA Key Length": 2048, "domain": "CORP.THERESERVE.LOC"}, "ObjectIdentifier": "2e3db97c-7215-415c-bc0a-380fab8f5eac", "Aces": [{"PrincipalSID": "S-1-5-21-1255581842-1300659601-3764024703-519", "PrincipalType": "Base", "RightName": "Owns", "IsInherited": false}, {"PrincipalSID": "S-1-5-21-1255581842-1300659601-3764024703-512", "PrincipalType": "Base", "RightName": "WriteOwner", "IsInherited": false}, {"PrincipalSID": "S-1-5-21-1255581842-1300659601-3764024703-512", "PrincipalType": "Base", "RightName": "WriteDacl", "IsInherited": false}, {"PrincipalSID": "S-1-5-21-1255581842-1300659601-3764024703-512", "PrincipalType": "Base", "RightName": "WriteProperty", "IsInherited": false}, {"PrincipalSID": "S-1-5-21-1255581842-1300659601-3764024703-512", "PrincipalType": "Base", "RightName": "Enroll", "IsInherited": false}, {"PrincipalSID": "S-1-5-21-1255581842-1300659601-3764024703-519", "PrincipalType": "Base", "RightName": "WriteOwner", "IsInherited": false}, {"PrincipalSID": "S-1-5-21-1255581842-1300659601-3764024703-519", "PrincipalType": "Base", "RightName": "WriteDacl", "IsInherited": false}, {"PrincipalSID": "S-1-5-21-1255581842-1300659601-3764024703-519", "PrincipalType": "Base", "RightName": "WriteProperty", "IsInherited": false}, {"PrincipalSID": "S-1-5-21-1255581842-1300659601-3764024703-519", "PrincipalType": "Base", "RightName": "Enroll", "IsInherited": false}], "cas_ids": null}, {"Properties": {"name": "EXCHANGEUSER@CORP.THERESERVE.LOC", "highvalue": false, "Template Name": "ExchangeUser", "Display Name": "Exchange User", "Enabled": false, "Client Authentication": false, "Enrollment Agent": false, "Any Purpose": false, "Enrollee Supplies Subject": true, "Certificate Name Flag": ["EnrolleeSuppliesSubject"], "Enrollment Flag": ["IncludeSymmetricAlgorithms"], "Private Key Flag": ["ExportableKey"], "Extended Key Usage": ["Secure Email"], "Requires Manager Approval": false, "Requires Key Archival": false, "Authorized Signatures Required": 0, "Validity Period": "1 year", "Renewal Period": "6 weeks", "Minimum RSA Key Length": 2048, "domain": "CORP.THERESERVE.LOC"}, "ObjectIdentifier": "ca34c4d1-7115-4306-ae0c-13bb1cad3a29", "Aces": [{"PrincipalSID": "S-1-5-21-1255581842-1300659601-3764024703-519", "PrincipalType": "Base", "RightName": "Owns", "IsInherited": false}, {"PrincipalSID": "S-1-5-21-1255581842-1300659601-3764024703-512", "PrincipalType": "Base", "RightName": "WriteOwner", "IsInherited": false}, {"PrincipalSID": "S-1-5-21-1255581842-1300659601-3764024703-512", "PrincipalType": "Base", "RightName": "WriteDacl", "IsInherited": false}, {"PrincipalSID": "S-1-5-21-1255581842-1300659601-3764024703-512", "PrincipalType": "Base", "RightName": "WriteProperty", "IsInherited": false}, {"PrincipalSID": "S-1-5-21-1255581842-1300659601-3764024703-512", "PrincipalType": "Base", "RightName": "Enroll", "IsInherited": false}, {"PrincipalSID": "S-1-5-21-1255581842-1300659601-3764024703-519", "PrincipalType": "Base", "RightName": "WriteOwner", "IsInherited": false}, {"PrincipalSID": "S-1-5-21-1255581842-1300659601-3764024703-519", "PrincipalType": "Base", "RightName": "WriteDacl", "IsInherited": false}, {"PrincipalSID": "S-1-5-21-1255581842-1300659601-3764024703-519", "PrincipalType": "Base", "RightName": "WriteProperty", "IsInherited": false}, {"PrincipalSID": "S-1-5-21-1255581842-1300659601-3764024703-519", "PrincipalType": "Base", "RightName": "Enroll", "IsInherited": false}], "cas_ids": null}, {"Properties": {"name": "CEPENCRYPTION@CORP.THERESERVE.LOC", "highvalue": false, "Template Name": "CEPEncryption", "Display Name": "CEP Encryption", "Enabled": false, "Client Authentication": false, "Enrollment Agent": true, "Any Purpose": false, "Enrollee Supplies Subject": true, "Certificate Name Flag": ["EnrolleeSuppliesSubject"], "Extended Key Usage": ["Certificate Request Agent"], "Requires Manager Approval": false, "Requires Key Archival": false, "Authorized Signatures Required": 0, "Validity Period": "2 years", "Renewal Period": "6 weeks", "Minimum RSA Key Length": 2048, "domain": "CORP.THERESERVE.LOC"}, "ObjectIdentifier": "c17f7594-458c-4f94-a34a-3c2f7c769492", "Aces": [{"PrincipalSID": "S-1-5-21-1255581842-1300659601-3764024703-519", "PrincipalType": "Base", "RightName": "Owns", "IsInherited": false}, {"PrincipalSID": "S-1-5-21-1255581842-1300659601-3764024703-512", "PrincipalType": "Base", "RightName": "WriteOwner", "IsInherited": false}, {"PrincipalSID": "S-1-5-21-1255581842-1300659601-3764024703-512", "PrincipalType": "Base", "RightName": "WriteDacl", "IsInherited": false}, {"PrincipalSID": "S-1-5-21-1255581842-1300659601-3764024703-512", "PrincipalType": "Base", "RightName": "WriteProperty", "IsInherited": false}, {"PrincipalSID": "S-1-5-21-1255581842-1300659601-3764024703-512", "PrincipalType": "Base", "RightName": "Enroll", "IsInherited": false}, {"PrincipalSID": "S-1-5-21-1255581842-1300659601-3764024703-519", "PrincipalType": "Base", "RightName": "WriteOwner", "IsInherited": false}, {"PrincipalSID": "S-1-5-21-1255581842-1300659601-3764024703-519", "PrincipalType": "Base", "RightName": "WriteDacl", "IsInherited": false}, {"PrincipalSID": "S-1-5-21-1255581842-1300659601-3764024703-519", "PrincipalType": "Base", "RightName": "WriteProperty", "IsInherited": false}, {"PrincipalSID": "S-1-5-21-1255581842-1300659601-3764024703-519", "PrincipalType": "Base", "RightName": "Enroll", "IsInherited": false}], "cas_ids": null}, {"Properties": {"name": "OFFLINEROUTER@CORP.THERESERVE.LOC", "highvalue": false, "Template Name": "OfflineRouter", "Display Name": "Router (Offline request)", "Enabled": false, "Client Authentication": true, "Enrollment Agent": false, "Any Purpose": false, "Enrollee Supplies Subject": true, "Certificate Name Flag": ["EnrolleeSuppliesSubject"], "Extended Key Usage": ["Client Authentication"], "Requires Manager Approval": false, "Requires Key Archival": false, "Authorized Signatures Required": 0, "Validity Period": "2 years", "Renewal Period": "6 weeks", "Minimum RSA Key Length": 2048, "domain": "CORP.THERESERVE.LOC"}, "ObjectIdentifier": "3d323272-39f7-472b-899f-563a5f4599ac", "Aces": [{"PrincipalSID": "S-1-5-21-1255581842-1300659601-3764024703-519", "PrincipalType": "Base", "RightName": "Owns", "IsInherited": false}, {"PrincipalSID": "S-1-5-21-1255581842-1300659601-3764024703-512", "PrincipalType": "Base", "RightName": "WriteOwner", "IsInherited": false}, {"PrincipalSID": "S-1-5-21-1255581842-1300659601-3764024703-512", "PrincipalType": "Base", "RightName": "WriteDacl", "IsInherited": false}, {"PrincipalSID": "S-1-5-21-1255581842-1300659601-3764024703-512", "PrincipalType": "Base", "RightName": "WriteProperty", "IsInherited": false}, {"PrincipalSID": "S-1-5-21-1255581842-1300659601-3764024703-512", "PrincipalType": "Base", "RightName": "Enroll", "IsInherited": false}, {"PrincipalSID": "S-1-5-21-1255581842-1300659601-3764024703-519", "PrincipalType": "Base", "RightName": "WriteOwner", "IsInherited": false}, {"PrincipalSID": "S-1-5-21-1255581842-1300659601-3764024703-519", "PrincipalType": "Base", "RightName": "WriteDacl", "IsInherited": false}, {"PrincipalSID": "S-1-5-21-1255581842-1300659601-3764024703-519", "PrincipalType": "Base", "RightName": "WriteProperty", "IsInherited": false}, {"PrincipalSID": "S-1-5-21-1255581842-1300659601-3764024703-519", "PrincipalType": "Base", "RightName": "Enroll", "IsInherited": false}], "cas_ids": null}, {"Properties": {"name": "IPSECINTERMEDIATEOFFLINE@CORP.THERESERVE.LOC", "highvalue": false, "Template Name": "IPSECIntermediateOffline", "Display Name": "IPSec (Offline request)", "Enabled": false, "Client Authentication": false, "Enrollment Agent": false, "Any Purpose": false, "Enrollee Supplies Subject": true, "Certificate Name Flag": ["EnrolleeSuppliesSubject"], "Extended Key Usage": ["IP security IKE intermediate"], "Requires Manager Approval": false, "Requires Key Archival": false, "Authorized Signatures Required": 0, "Validity Period": "2 years", "Renewal Period": "6 weeks", "Minimum RSA Key Length": 2048, "domain": "CORP.THERESERVE.LOC"}, "ObjectIdentifier": "eb48b529-de47-4bbf-8c2f-8989369ed387", "Aces": [{"PrincipalSID": "S-1-5-21-1255581842-1300659601-3764024703-519", "PrincipalType": "Base", "RightName": "Owns", "IsInherited": false}, {"PrincipalSID": "S-1-5-21-1255581842-1300659601-3764024703-512", "PrincipalType": "Base", "RightName": "WriteOwner", "IsInherited": false}, {"PrincipalSID": "S-1-5-21-1255581842-1300659601-3764024703-512", "PrincipalType": "Base", "RightName": "WriteDacl", "IsInherited": false}, {"PrincipalSID": "S-1-5-21-1255581842-1300659601-3764024703-512", "PrincipalType": "Base", "RightName": "WriteProperty", "IsInherited": false}, {"PrincipalSID": "S-1-5-21-1255581842-1300659601-3764024703-512", "PrincipalType": "Base", "RightName": "Enroll", "IsInherited": false}, {"PrincipalSID": "S-1-5-21-1255581842-1300659601-3764024703-519", "PrincipalType": "Base", "RightName": "WriteOwner", "IsInherited": false}, {"PrincipalSID": "S-1-5-21-1255581842-1300659601-3764024703-519", "PrincipalType": "Base", "RightName": "WriteDacl", "IsInherited": false}, {"PrincipalSID": "S-1-5-21-1255581842-1300659601-3764024703-519", "PrincipalType": "Base", "RightName": "WriteProperty", "IsInherited": false}, {"PrincipalSID": "S-1-5-21-1255581842-1300659601-3764024703-519", "PrincipalType": "Base", "RightName": "Enroll", "IsInherited": false}], "cas_ids": null}, {"Properties": {"name": "IPSECINTERMEDIATEONLINE@CORP.THERESERVE.LOC", "highvalue": false, "Template Name": "IPSECIntermediateOnline", "Display Name": "IPSec", "Enabled": false, "Client Authentication": false, "Enrollment Agent": false, "Any Purpose": false, "Enrollee Supplies Subject": false, "Certificate Name Flag": ["SubjectAltRequireDns", "SubjectRequireDnsAsCn"], "Enrollment Flag": ["AutoEnrollment"], "Extended Key Usage": ["IP security IKE intermediate"], "Requires Manager Approval": false, "Requires Key Archival": false, "Authorized Signatures Required": 0, "Validity Period": "2 years", "Renewal Period": "6 weeks", "Minimum RSA Key Length": 2048, "domain": "CORP.THERESERVE.LOC"}, "ObjectIdentifier": "1f02e44c-24ab-49c9-9d58-bad53ba90ff8", "Aces": [{"PrincipalSID": "S-1-5-21-1255581842-1300659601-3764024703-519", "PrincipalType": "Base", "RightName": "Owns", "IsInherited": false}, {"PrincipalSID": "S-1-5-21-1255581842-1300659601-3764024703-512", "PrincipalType": "Base", "RightName": "WriteOwner", "IsInherited": false}, {"PrincipalSID": "S-1-5-21-1255581842-1300659601-3764024703-512", "PrincipalType": "Base", "RightName": "WriteDacl", "IsInherited": false}, {"PrincipalSID": "S-1-5-21-1255581842-1300659601-3764024703-512", "PrincipalType": "Base", "RightName": "WriteProperty", "IsInherited": false}, {"PrincipalSID": "S-1-5-21-1255581842-1300659601-3764024703-512", "PrincipalType": "Base", "RightName": "Enroll", "IsInherited": false}, {"PrincipalSID": "S-1-5-21-1255581842-1300659601-3764024703-515", "PrincipalType": "Base", "RightName": "Enroll", "IsInherited": false}, {"PrincipalSID": "S-1-5-21-1255581842-1300659601-3764024703-516", "PrincipalType": "Base", "RightName": "Enroll", "IsInherited": false}, {"PrincipalSID": "S-1-5-21-1255581842-1300659601-3764024703-519", "PrincipalType": "Base", "RightName": "WriteOwner", "IsInherited": false}, {"PrincipalSID": "S-1-5-21-1255581842-1300659601-3764024703-519", "PrincipalType": "Base", "RightName": "WriteDacl", "IsInherited": false}, {"PrincipalSID": "S-1-5-21-1255581842-1300659601-3764024703-519", "PrincipalType": "Base", "RightName": "WriteProperty", "IsInherited": false}, {"PrincipalSID": "S-1-5-21-1255581842-1300659601-3764024703-519", "PrincipalType": "Base", "RightName": "Enroll", "IsInherited": false}], "cas_ids": null}, {"Properties": {"name": "SUBCA@CORP.THERESERVE.LOC", "highvalue": true, "Template Name": "SubCA", "Display Name": "Subordinate Certification Authority", "Certificate Authorities": ["THERESERVE-CA"], "Enabled": true, "Client Authentication": true, "Enrollment Agent": true, "Any Purpose": true, "Enrollee Supplies Subject": true, "Certificate Name Flag": ["EnrolleeSuppliesSubject"], "Private Key Flag": ["ExportableKey"], "Requires Manager Approval": false, "Requires Key Archival": false, "Authorized Signatures Required": 0, "Validity Period": "5 years", "Renewal Period": "6 weeks", "Minimum RSA Key Length": 2048, "domain": "CORP.THERESERVE.LOC"}, "ObjectIdentifier": "edece4f4-e557-47c6-bc0d-65c0f5ee4690", "Aces": [{"PrincipalSID": "S-1-5-21-1255581842-1300659601-3764024703-519", "PrincipalType": "Base", "RightName": "Owns", "IsInherited": false}, {"PrincipalSID": "S-1-5-21-1255581842-1300659601-3764024703-512", "PrincipalType": "Base", "RightName": "WriteOwner", "IsInherited": false}, {"PrincipalSID": "S-1-5-21-1255581842-1300659601-3764024703-512", "PrincipalType": "Base", "RightName": "WriteDacl", "IsInherited": false}, {"PrincipalSID": "S-1-5-21-1255581842-1300659601-3764024703-512", "PrincipalType": "Base", "RightName": "WriteProperty", "IsInherited": false}, {"PrincipalSID": "S-1-5-21-1255581842-1300659601-3764024703-512", "PrincipalType": "Base", "RightName": "Enroll", "IsInherited": false}, {"PrincipalSID": "S-1-5-21-1255581842-1300659601-3764024703-519", "PrincipalType": "Base", "RightName": "WriteOwner", "IsInherited": false}, {"PrincipalSID": "S-1-5-21-1255581842-1300659601-3764024703-519", "PrincipalType": "Base", "RightName": "WriteDacl", "IsInherited": false}, {"PrincipalSID": "S-1-5-21-1255581842-1300659601-3764024703-519", "PrincipalType": "Base", "RightName": "WriteProperty", "IsInherited": false}, {"PrincipalSID": "S-1-5-21-1255581842-1300659601-3764024703-519", "PrincipalType": "Base", "RightName": "Enroll", "IsInherited": false}], "cas_ids": ["36909168-af52-430a-8832-d08be567d6be"]}, {"Properties": {"name": "CA@CORP.THERESERVE.LOC", "highvalue": false, "Template Name": "CA", "Display Name": "Root Certification Authority", "Enabled": false, "Client Authentication": true, "Enrollment Agent": true, "Any Purpose": true, "Enrollee Supplies Subject": true, "Certificate Name Flag": ["EnrolleeSuppliesSubject"], "Private Key Flag": ["ExportableKey"], "Requires Manager Approval": false, "Requires Key Archival": false, "Authorized Signatures Required": 0, "Validity Period": "5 years", "Renewal Period": "6 weeks", "Minimum RSA Key Length": 2048, "domain": "CORP.THERESERVE.LOC"}, "ObjectIdentifier": "9e5d0921-caa5-43b3-9540-43a784f0071a", "Aces": [{"PrincipalSID": "S-1-5-21-1255581842-1300659601-3764024703-519", "PrincipalType": "Base", "RightName": "Owns", "IsInherited": false}, {"PrincipalSID": "S-1-5-21-1255581842-1300659601-3764024703-512", "PrincipalType": "Base", "RightName": "WriteOwner", "IsInherited": false}, {"PrincipalSID": "S-1-5-21-1255581842-1300659601-3764024703-512", "PrincipalType": "Base", "RightName": "WriteDacl", "IsInherited": false}, {"PrincipalSID": "S-1-5-21-1255581842-1300659601-3764024703-512", "PrincipalType": "Base", "RightName": "WriteProperty", "IsInherited": false}, {"PrincipalSID": "S-1-5-21-1255581842-1300659601-3764024703-512", "PrincipalType": "Base", "RightName": "Enroll", "IsInherited": false}, {"PrincipalSID": "S-1-5-21-1255581842-1300659601-3764024703-519", "PrincipalType": "Base", "RightName": "WriteOwner", "IsInherited": false}, {"PrincipalSID": "S-1-5-21-1255581842-1300659601-3764024703-519", "PrincipalType": "Base", "RightName": "WriteDacl", "IsInherited": false}, {"PrincipalSID": "S-1-5-21-1255581842-1300659601-3764024703-519", "PrincipalType": "Base", "RightName": "WriteProperty", "IsInherited": false}, {"PrincipalSID": "S-1-5-21-1255581842-1300659601-3764024703-519", "PrincipalType": "Base", "RightName": "Enroll", "IsInherited": false}], "cas_ids": null}, {"Properties": {"name": "WEBSERVER@CORP.THERESERVE.LOC", "highvalue": false, "Template Name": "WebServer", "Display Name": "Web Server", "Certificate Authorities": ["THERESERVE-CA"], "Enabled": true, "Client Authentication": false, "Enrollment Agent": false, "Any Purpose": false, "Enrollee Supplies Subject": true, "Certificate Name Flag": ["EnrolleeSuppliesSubject"], "Extended Key Usage": ["Server Authentication"], "Requires Manager Approval": false, "Requires Key Archival": false, "Authorized Signatures Required": 0, "Validity Period": "2 years", "Renewal Period": "6 weeks", "Minimum RSA Key Length": 2048, "domain": "CORP.THERESERVE.LOC"}, "ObjectIdentifier": "023d342e-5bf3-4982-8741-e4aefdfbcd1e", "Aces": [{"PrincipalSID": "S-1-5-21-1255581842-1300659601-3764024703-519", "PrincipalType": "Base", "RightName": "Owns", "IsInherited": false}, {"PrincipalSID": "S-1-5-21-1255581842-1300659601-3764024703-512", "PrincipalType": "Base", "RightName": "WriteOwner", "IsInherited": false}, {"PrincipalSID": "S-1-5-21-1255581842-1300659601-3764024703-512", "PrincipalType": "Base", "RightName": "WriteDacl", "IsInherited": false}, {"PrincipalSID": "S-1-5-21-1255581842-1300659601-3764024703-512", "PrincipalType": "Base", "RightName": "WriteProperty", "IsInherited": false}, {"PrincipalSID": "S-1-5-21-1255581842-1300659601-3764024703-512", "PrincipalType": "Base", "RightName": "Enroll", "IsInherited": false}, {"PrincipalSID": "S-1-5-21-1255581842-1300659601-3764024703-519", "PrincipalType": "Base", "RightName": "WriteOwner", "IsInherited": false}, {"PrincipalSID": "S-1-5-21-1255581842-1300659601-3764024703-519", "PrincipalType": "Base", "RightName": "WriteDacl", "IsInherited": false}, {"PrincipalSID": "S-1-5-21-1255581842-1300659601-3764024703-519", "PrincipalType": "Base", "RightName": "WriteProperty", "IsInherited": false}, {"PrincipalSID": "S-1-5-21-1255581842-1300659601-3764024703-519", "PrincipalType": "Base", "RightName": "Enroll", "IsInherited": false}], "cas_ids": ["36909168-af52-430a-8832-d08be567d6be"]}, {"Properties": {"name": "DOMAINCONTROLLER@CORP.THERESERVE.LOC", "highvalue": false, "Template Name": "DomainController", "Display Name": "Domain Controller", "Certificate Authorities": ["THERESERVE-CA"], "Enabled": true, "Client Authentication": true, "Enrollment Agent": false, "Any Purpose": false, "Enrollee Supplies Subject": false, "Certificate Name Flag": ["SubjectAltRequireDirectoryGuid", "SubjectAltRequireDns", "SubjectRequireDnsAsCn"], "Enrollment Flag": ["IncludeSymmetricAlgorithms", "PublishToDs", "AutoEnrollment"], "Extended Key Usage": ["Client Authentication", "Server Authentication"], "Requires Manager Approval": false, "Requires Key Archival": false, "Authorized Signatures Required": 0, "Validity Period": "1 year", "Renewal Period": "6 weeks", "Minimum RSA Key Length": 2048, "domain": "CORP.THERESERVE.LOC"}, "ObjectIdentifier": "f8281b05-c07b-4910-bb20-7e43af58e90d", "Aces": [{"PrincipalSID": "S-1-5-21-1255581842-1300659601-3764024703-519", "PrincipalType": "Base", "RightName": "Owns", "IsInherited": false}, {"PrincipalSID": "S-1-5-21-1255581842-1300659601-3764024703-498", "PrincipalType": "Base", "RightName": "Enroll", "IsInherited": false}, {"PrincipalSID": "S-1-5-21-1255581842-1300659601-3764024703-512", "PrincipalType": "Base", "RightName": "WriteOwner", "IsInherited": false}, {"PrincipalSID": "S-1-5-21-1255581842-1300659601-3764024703-512", "PrincipalType": "Base", "RightName": "WriteDacl", "IsInherited": false}, {"PrincipalSID": "S-1-5-21-1255581842-1300659601-3764024703-512", "PrincipalType": "Base", "RightName": "WriteProperty", "IsInherited": false}, {"PrincipalSID": "S-1-5-21-1255581842-1300659601-3764024703-512", "PrincipalType": "Base", "RightName": "Enroll", "IsInherited": false}, {"PrincipalSID": "S-1-5-21-1255581842-1300659601-3764024703-516", "PrincipalType": "Base", "RightName": "Enroll", "IsInherited": false}, {"PrincipalSID": "S-1-5-21-1255581842-1300659601-3764024703-519", "PrincipalType": "Base", "RightName": "WriteOwner", "IsInherited": false}, {"PrincipalSID": "S-1-5-21-1255581842-1300659601-3764024703-519", "PrincipalType": "Base", "RightName": "WriteDacl", "IsInherited": false}, {"PrincipalSID": "S-1-5-21-1255581842-1300659601-3764024703-519", "PrincipalType": "Base", "RightName": "WriteProperty", "IsInherited": false}, {"PrincipalSID": "S-1-5-21-1255581842-1300659601-3764024703-519", "PrincipalType": "Base", "RightName": "Enroll", "IsInherited": false}, {"PrincipalSID": "CORP.THERESERVE.LOC-S-1-5-9", "PrincipalType": "Group", "RightName": "Enroll", "IsInherited": false}], "cas_ids": ["36909168-af52-430a-8832-d08be567d6be"]}, {"Properties": {"name": "MACHINE@CORP.THERESERVE.LOC", "highvalue": false, "Template Name": "Machine", "Display Name": "Computer", "Certificate Authorities": ["THERESERVE-CA"], "Enabled": true, "Client Authentication": true, "Enrollment Agent": false, "Any Purpose": false, "Enrollee Supplies Subject": false, "Certificate Name Flag": ["SubjectAltRequireDns", "SubjectRequireDnsAsCn"], "Enrollment Flag": ["AutoEnrollment"], "Extended Key Usage": ["Client Authentication", "Server Authentication"], "Requires Manager Approval": false, "Requires Key Archival": false, "Authorized Signatures Required": 0, "Validity Period": "1 year", "Renewal Period": "6 weeks", "Minimum RSA Key Length": 2048, "domain": "CORP.THERESERVE.LOC"}, "ObjectIdentifier": "066fc96d-e126-4ef7-9f43-6c8f060c6eb1", "Aces": [{"PrincipalSID": "S-1-5-21-1255581842-1300659601-3764024703-519", "PrincipalType": "Base", "RightName": "Owns", "IsInherited": false}, {"PrincipalSID": "S-1-5-21-1255581842-1300659601-3764024703-512", "PrincipalType": "Base", "RightName": "WriteOwner", "IsInherited": false}, {"PrincipalSID": "S-1-5-21-1255581842-1300659601-3764024703-512", "PrincipalType": "Base", "RightName": "WriteDacl", "IsInherited": false}, {"PrincipalSID": "S-1-5-21-1255581842-1300659601-3764024703-512", "PrincipalType": "Base", "RightName": "WriteProperty", "IsInherited": false}, {"PrincipalSID": "S-1-5-21-1255581842-1300659601-3764024703-512", "PrincipalType": "Base", "RightName": "Enroll", "IsInherited": false}, {"PrincipalSID": "S-1-5-21-1255581842-1300659601-3764024703-515", "PrincipalType": "Base", "RightName": "Enroll", "IsInherited": false}, {"PrincipalSID": "S-1-5-21-1255581842-1300659601-3764024703-519", "PrincipalType": "Base", "RightName": "WriteOwner", "IsInherited": false}, {"PrincipalSID": "S-1-5-21-1255581842-1300659601-3764024703-519", "PrincipalType": "Base", "RightName": "WriteDacl", "IsInherited": false}, {"PrincipalSID": "S-1-5-21-1255581842-1300659601-3764024703-519", "PrincipalType": "Base", "RightName": "WriteProperty", "IsInherited": false}, {"PrincipalSID": "S-1-5-21-1255581842-1300659601-3764024703-519", "PrincipalType": "Base", "RightName": "Enroll", "IsInherited": false}], "cas_ids": ["36909168-af52-430a-8832-d08be567d6be"]}, {"Properties": {"name": "MACHINEENROLLMENTAGENT@CORP.THERESERVE.LOC", "highvalue": false, "Template Name": "MachineEnrollmentAgent", "Display Name": "Enrollment Agent (Computer)", "Enabled": false, "Client Authentication": false, "Enrollment Agent": true, "Any Purpose": false, "Enrollee Supplies Subject": false, "Certificate Name Flag": ["SubjectAltRequireDns", "SubjectRequireDnsAsCn"], "Enrollment Flag": ["AutoEnrollment"], "Extended Key Usage": ["Certificate Request Agent"], "Requires Manager Approval": false, "Requires Key Archival": false, "Authorized Signatures Required": 0, "Validity Period": "2 years", "Renewal Period": "6 weeks", "Minimum RSA Key Length": 2048, "domain": "CORP.THERESERVE.LOC"}, "ObjectIdentifier": "89f95c5b-4033-4018-a74e-36662806df81", "Aces": [{"PrincipalSID": "S-1-5-21-1255581842-1300659601-3764024703-519", "PrincipalType": "Base", "RightName": "Owns", "IsInherited": false}, {"PrincipalSID": "S-1-5-21-1255581842-1300659601-3764024703-512", "PrincipalType": "Base", "RightName": "WriteOwner", "IsInherited": false}, {"PrincipalSID": "S-1-5-21-1255581842-1300659601-3764024703-512", "PrincipalType": "Base", "RightName": "WriteDacl", "IsInherited": false}, {"PrincipalSID": "S-1-5-21-1255581842-1300659601-3764024703-512", "PrincipalType": "Base", "RightName": "WriteProperty", "IsInherited": false}, {"PrincipalSID": "S-1-5-21-1255581842-1300659601-3764024703-512", "PrincipalType": "Base", "RightName": "Enroll", "IsInherited": false}, {"PrincipalSID": "S-1-5-21-1255581842-1300659601-3764024703-519", "PrincipalType": "Base", "RightName": "WriteOwner", "IsInherited": false}, {"PrincipalSID": "S-1-5-21-1255581842-1300659601-3764024703-519", "PrincipalType": "Base", "RightName": "WriteDacl", "IsInherited": false}, {"PrincipalSID": "S-1-5-21-1255581842-1300659601-3764024703-519", "PrincipalType": "Base", "RightName": "WriteProperty", "IsInherited": false}, {"PrincipalSID": "S-1-5-21-1255581842-1300659601-3764024703-519", "PrincipalType": "Base", "RightName": "Enroll", "IsInherited": false}], "cas_ids": null}, {"Properties": {"name": "ENROLLMENTAGENTOFFLINE@CORP.THERESERVE.LOC", "highvalue": false, "Template Name": "EnrollmentAgentOffline", "Display Name": "Exchange Enrollment Agent (Offline request)", "Enabled": false, "Client Authentication": false, "Enrollment Agent": true, "Any Purpose": false, "Enrollee Supplies Subject": true, "Certificate Name Flag": ["EnrolleeSuppliesSubject"], "Extended Key Usage": ["Certificate Request Agent"], "Requires Manager Approval": false, "Requires Key Archival": false, "Authorized Signatures Required": 0, "Validity Period": "2 years", "Renewal Period": "6 weeks", "Minimum RSA Key Length": 2048, "domain": "CORP.THERESERVE.LOC"}, "ObjectIdentifier": "05ef286c-8ab3-4cd3-9ad7-af348d5c320c", "Aces": [{"PrincipalSID": "S-1-5-21-1255581842-1300659601-3764024703-519", "PrincipalType": "Base", "RightName": "Owns", "IsInherited": false}, {"PrincipalSID": "S-1-5-21-1255581842-1300659601-3764024703-512", "PrincipalType": "Base", "RightName": "WriteOwner", "IsInherited": false}, {"PrincipalSID": "S-1-5-21-1255581842-1300659601-3764024703-512", "PrincipalType": "Base", "RightName": "WriteDacl", "IsInherited": false}, {"PrincipalSID": "S-1-5-21-1255581842-1300659601-3764024703-512", "PrincipalType": "Base", "RightName": "WriteProperty", "IsInherited": false}, {"PrincipalSID": "S-1-5-21-1255581842-1300659601-3764024703-512", "PrincipalType": "Base", "RightName": "Enroll", "IsInherited": false}, {"PrincipalSID": "S-1-5-21-1255581842-1300659601-3764024703-519", "PrincipalType": "Base", "RightName": "WriteOwner", "IsInherited": false}, {"PrincipalSID": "S-1-5-21-1255581842-1300659601-3764024703-519", "PrincipalType": "Base", "RightName": "WriteDacl", "IsInherited": false}, {"PrincipalSID": "S-1-5-21-1255581842-1300659601-3764024703-519", "PrincipalType": "Base", "RightName": "WriteProperty", "IsInherited": false}, {"PrincipalSID": "S-1-5-21-1255581842-1300659601-3764024703-519", "PrincipalType": "Base", "RightName": "Enroll", "IsInherited": false}], "cas_ids": null}, {"Properties": {"name": "ENROLLMENTAGENT@CORP.THERESERVE.LOC", "highvalue": false, "Template Name": "EnrollmentAgent", "Display Name": "Enrollment Agent", "Enabled": false, "Client Authentication": false, "Enrollment Agent": true, "Any Purpose": false, "Enrollee Supplies Subject": false, "Certificate Name Flag": ["SubjectAltRequireUpn", "SubjectRequireDirectoryPath"], "Enrollment Flag": ["AutoEnrollment"], "Extended Key Usage": ["Certificate Request Agent"], "Requires Manager Approval": false, "Requires Key Archival": false, "Authorized Signatures Required": 0, "Validity Period": "2 years", "Renewal Period": "6 weeks", "Minimum RSA Key Length": 2048, "domain": "CORP.THERESERVE.LOC"}, "ObjectIdentifier": "e0c299f3-cf76-4e92-95bb-2a39789c32c4", "Aces": [{"PrincipalSID": "S-1-5-21-1255581842-1300659601-3764024703-519", "PrincipalType": "Base", "RightName": "Owns", "IsInherited": false}, {"PrincipalSID": "S-1-5-21-1255581842-1300659601-3764024703-512", "PrincipalType": "Base", "RightName": "WriteOwner", "IsInherited": false}, {"PrincipalSID": "S-1-5-21-1255581842-1300659601-3764024703-512", "PrincipalType": "Base", "RightName": "WriteDacl", "IsInherited": false}, {"PrincipalSID": "S-1-5-21-1255581842-1300659601-3764024703-512", "PrincipalType": "Base", "RightName": "WriteProperty", "IsInherited": false}, {"PrincipalSID": "S-1-5-21-1255581842-1300659601-3764024703-512", "PrincipalType": "Base", "RightName": "Enroll", "IsInherited": false}, {"PrincipalSID": "S-1-5-21-1255581842-1300659601-3764024703-519", "PrincipalType": "Base", "RightName": "WriteOwner", "IsInherited": false}, {"PrincipalSID": "S-1-5-21-1255581842-1300659601-3764024703-519", "PrincipalType": "Base", "RightName": "WriteDacl", "IsInherited": false}, {"PrincipalSID": "S-1-5-21-1255581842-1300659601-3764024703-519", "PrincipalType": "Base", "RightName": "WriteProperty", "IsInherited": false}, {"PrincipalSID": "S-1-5-21-1255581842-1300659601-3764024703-519", "PrincipalType": "Base", "RightName": "Enroll", "IsInherited": false}], "cas_ids": null}, {"Properties": {"name": "CTLSIGNING@CORP.THERESERVE.LOC", "highvalue": false, "Template Name": "CTLSigning", "Display Name": "Trust List Signing", "Enabled": false, "Client Authentication": false, "Enrollment Agent": false, "Any Purpose": false, "Enrollee Supplies Subject": false, "Certificate Name Flag": ["SubjectAltRequireUpn", "SubjectRequireDirectoryPath"], "Enrollment Flag": ["AutoEnrollment"], "Extended Key Usage": ["Microsoft Trust List Signing"], "Requires Manager Approval": false, "Requires Key Archival": false, "Authorized Signatures Required": 0, "Validity Period": "1 year", "Renewal Period": "6 weeks", "Minimum RSA Key Length": 2048, "domain": "CORP.THERESERVE.LOC"}, "ObjectIdentifier": "2bbd680b-8381-45ad-ab65-82dc2787d150", "Aces": [{"PrincipalSID": "S-1-5-21-1255581842-1300659601-3764024703-519", "PrincipalType": "Base", "RightName": "Owns", "IsInherited": false}, {"PrincipalSID": "S-1-5-21-1255581842-1300659601-3764024703-512", "PrincipalType": "Base", "RightName": "WriteOwner", "IsInherited": false}, {"PrincipalSID": "S-1-5-21-1255581842-1300659601-3764024703-512", "PrincipalType": "Base", "RightName": "WriteDacl", "IsInherited": false}, {"PrincipalSID": "S-1-5-21-1255581842-1300659601-3764024703-512", "PrincipalType": "Base", "RightName": "WriteProperty", "IsInherited": false}, {"PrincipalSID": "S-1-5-21-1255581842-1300659601-3764024703-512", "PrincipalType": "Base", "RightName": "Enroll", "IsInherited": false}, {"PrincipalSID": "S-1-5-21-1255581842-1300659601-3764024703-519", "PrincipalType": "Base", "RightName": "WriteOwner", "IsInherited": false}, {"PrincipalSID": "S-1-5-21-1255581842-1300659601-3764024703-519", "PrincipalType": "Base", "RightName": "WriteDacl", "IsInherited": false}, {"PrincipalSID": "S-1-5-21-1255581842-1300659601-3764024703-519", "PrincipalType": "Base", "RightName": "WriteProperty", "IsInherited": false}, {"PrincipalSID": "S-1-5-21-1255581842-1300659601-3764024703-519", "PrincipalType": "Base", "RightName": "Enroll", "IsInherited": false}], "cas_ids": null}, {"Properties": {"name": "CODESIGNING@CORP.THERESERVE.LOC", "highvalue": false, "Template Name": "CodeSigning", "Display Name": "Code Signing", "Enabled": false, "Client Authentication": false, "Enrollment Agent": false, "Any Purpose": false, "Enrollee Supplies Subject": false, "Certificate Name Flag": ["SubjectAltRequireUpn", "SubjectRequireDirectoryPath"], "Enrollment Flag": ["AutoEnrollment"], "Extended Key Usage": ["Code Signing"], "Requires Manager Approval": false, "Requires Key Archival": false, "Authorized Signatures Required": 0, "Validity Period": "1 year", "Renewal Period": "6 weeks", "Minimum RSA Key Length": 2048, "domain": "CORP.THERESERVE.LOC"}, "ObjectIdentifier": "8e90271e-38fc-4db3-a665-cc16826ce6f6", "Aces": [{"PrincipalSID": "S-1-5-21-1255581842-1300659601-3764024703-519", "PrincipalType": "Base", "RightName": "Owns", "IsInherited": false}, {"PrincipalSID": "S-1-5-21-1255581842-1300659601-3764024703-512", "PrincipalType": "Base", "RightName": "WriteOwner", "IsInherited": false}, {"PrincipalSID": "S-1-5-21-1255581842-1300659601-3764024703-512", "PrincipalType": "Base", "RightName": "WriteDacl", "IsInherited": false}, {"PrincipalSID": "S-1-5-21-1255581842-1300659601-3764024703-512", "PrincipalType": "Base", "RightName": "WriteProperty", "IsInherited": false}, {"PrincipalSID": "S-1-5-21-1255581842-1300659601-3764024703-512", "PrincipalType": "Base", "RightName": "Enroll", "IsInherited": false}, {"PrincipalSID": "S-1-5-21-1255581842-1300659601-3764024703-519", "PrincipalType": "Base", "RightName": "WriteOwner", "IsInherited": false}, {"PrincipalSID": "S-1-5-21-1255581842-1300659601-3764024703-519", "PrincipalType": "Base", "RightName": "WriteDacl", "IsInherited": false}, {"PrincipalSID": "S-1-5-21-1255581842-1300659601-3764024703-519", "PrincipalType": "Base", "RightName": "WriteProperty", "IsInherited": false}, {"PrincipalSID": "S-1-5-21-1255581842-1300659601-3764024703-519", "PrincipalType": "Base", "RightName": "Enroll", "IsInherited": false}], "cas_ids": null}, {"Properties": {"name": "EFSRECOVERY@CORP.THERESERVE.LOC", "highvalue": false, "Template Name": "EFSRecovery", "Display Name": "EFS Recovery Agent", "Certificate Authorities": ["THERESERVE-CA"], "Enabled": true, "Client Authentication": false, "Enrollment Agent": false, "Any Purpose": false, "Enrollee Supplies Subject": false, "Certificate Name Flag": ["SubjectAltRequireUpn", "SubjectRequireDirectoryPath"], "Enrollment Flag": ["IncludeSymmetricAlgorithms", "AutoEnrollment"], "Private Key Flag": ["ExportableKey"], "Extended Key Usage": ["File Recovery"], "Requires Manager Approval": false, "Requires Key Archival": false, "Authorized Signatures Required": 0, "Validity Period": "5 years", "Renewal Period": "6 weeks", "Minimum RSA Key Length": 2048, "domain": "CORP.THERESERVE.LOC"}, "ObjectIdentifier": "29cb2e2a-9b1f-47eb-a12d-8c051e813f5a", "Aces": [{"PrincipalSID": "S-1-5-21-1255581842-1300659601-3764024703-519", "PrincipalType": "Base", "RightName": "Owns", "IsInherited": false}, {"PrincipalSID": "S-1-5-21-1255581842-1300659601-3764024703-512", "PrincipalType": "Base", "RightName": "WriteOwner", "IsInherited": false}, {"PrincipalSID": "S-1-5-21-1255581842-1300659601-3764024703-512", "PrincipalType": "Base", "RightName": "WriteDacl", "IsInherited": false}, {"PrincipalSID": "S-1-5-21-1255581842-1300659601-3764024703-512", "PrincipalType": "Base", "RightName": "WriteProperty", "IsInherited": false}, {"PrincipalSID": "S-1-5-21-1255581842-1300659601-3764024703-512", "PrincipalType": "Base", "RightName": "Enroll", "IsInherited": false}, {"PrincipalSID": "S-1-5-21-1255581842-1300659601-3764024703-519", "PrincipalType": "Base", "RightName": "WriteOwner", "IsInherited": false}, {"PrincipalSID": "S-1-5-21-1255581842-1300659601-3764024703-519", "PrincipalType": "Base", "RightName": "WriteDacl", "IsInherited": false}, {"PrincipalSID": "S-1-5-21-1255581842-1300659601-3764024703-519", "PrincipalType": "Base", "RightName": "WriteProperty", "IsInherited": false}, {"PrincipalSID": "S-1-5-21-1255581842-1300659601-3764024703-519", "PrincipalType": "Base", "RightName": "Enroll", "IsInherited": false}], "cas_ids": ["36909168-af52-430a-8832-d08be567d6be"]}, {"Properties": {"name": "ADMINISTRATOR@CORP.THERESERVE.LOC", "highvalue": false, "Template Name": "Administrator", "Display Name": "Administrator", "Certificate Authorities": ["THERESERVE-CA"], "Enabled": true, "Client Authentication": true, "Enrollment Agent": false, "Any Purpose": false, "Enrollee Supplies Subject": false, "Certificate Name Flag": ["SubjectAltRequireUpn", "SubjectAltRequireEmail", "SubjectRequireEmail", "SubjectRequireDirectoryPath"], "Enrollment Flag": ["IncludeSymmetricAlgorithms", "PublishToDs", "AutoEnrollment"], "Private Key Flag": ["ExportableKey"], "Extended Key Usage": ["Microsoft Trust List Signing", "Encrypting File System", "Secure Email", "Client Authentication"], "Requires Manager Approval": false, "Requires Key Archival": false, "Authorized Signatures Required": 0, "Validity Period": "1 year", "Renewal Period": "6 weeks", "Minimum RSA Key Length": 2048, "domain": "CORP.THERESERVE.LOC"}, "ObjectIdentifier": "d172b493-6148-44a1-a741-a3470f990b5c", "Aces": [{"PrincipalSID": "S-1-5-21-1255581842-1300659601-3764024703-519", "PrincipalType": "Base", "RightName": "Owns", "IsInherited": false}, {"PrincipalSID": "S-1-5-21-1255581842-1300659601-3764024703-512", "PrincipalType": "Base", "RightName": "WriteOwner", "IsInherited": false}, {"PrincipalSID": "S-1-5-21-1255581842-1300659601-3764024703-512", "PrincipalType": "Base", "RightName": "WriteDacl", "IsInherited": false}, {"PrincipalSID": "S-1-5-21-1255581842-1300659601-3764024703-512", "PrincipalType": "Base", "RightName": "WriteProperty", "IsInherited": false}, {"PrincipalSID": "S-1-5-21-1255581842-1300659601-3764024703-512", "PrincipalType": "Base", "RightName": "Enroll", "IsInherited": false}, {"PrincipalSID": "S-1-5-21-1255581842-1300659601-3764024703-519", "PrincipalType": "Base", "RightName": "WriteOwner", "IsInherited": false}, {"PrincipalSID": "S-1-5-21-1255581842-1300659601-3764024703-519", "PrincipalType": "Base", "RightName": "WriteDacl", "IsInherited": false}, {"PrincipalSID": "S-1-5-21-1255581842-1300659601-3764024703-519", "PrincipalType": "Base", "RightName": "WriteProperty", "IsInherited": false}, {"PrincipalSID": "S-1-5-21-1255581842-1300659601-3764024703-519", "PrincipalType": "Base", "RightName": "Enroll", "IsInherited": false}], "cas_ids": ["36909168-af52-430a-8832-d08be567d6be"]}, {"Properties": {"name": "EFS@CORP.THERESERVE.LOC", "highvalue": false, "Template Name": "EFS", "Display Name": "Basic EFS", "Certificate Authorities": ["THERESERVE-CA"], "Enabled": true, "Client Authentication": false, "Enrollment Agent": false, "Any Purpose": false, "Enrollee Supplies Subject": false, "Certificate Name Flag": ["SubjectAltRequireUpn", "SubjectRequireDirectoryPath"], "Enrollment Flag": ["IncludeSymmetricAlgorithms", "PublishToDs", "AutoEnrollment"], "Private Key Flag": ["ExportableKey"], "Extended Key Usage": ["Encrypting File System"], "Requires Manager Approval": false, "Requires Key Archival": false, "Authorized Signatures Required": 0, "Validity Period": "1 year", "Renewal Period": "6 weeks", "Minimum RSA Key Length": 2048, "domain": "CORP.THERESERVE.LOC"}, "ObjectIdentifier": "578762e8-2816-42b0-9984-66288bff1789", "Aces": [{"PrincipalSID": "S-1-5-21-1255581842-1300659601-3764024703-519", "PrincipalType": "Base", "RightName": "Owns", "IsInherited": false}, {"PrincipalSID": "S-1-5-21-1255581842-1300659601-3764024703-512", "PrincipalType": "Base", "RightName": "WriteOwner", "IsInherited": false}, {"PrincipalSID": "S-1-5-21-1255581842-1300659601-3764024703-512", "PrincipalType": "Base", "RightName": "WriteDacl", "IsInherited": false}, {"PrincipalSID": "S-1-5-21-1255581842-1300659601-3764024703-512", "PrincipalType": "Base", "RightName": "WriteProperty", "IsInherited": false}, {"PrincipalSID": "S-1-5-21-1255581842-1300659601-3764024703-512", "PrincipalType": "Base", "RightName": "Enroll", "IsInherited": false}, {"PrincipalSID": "S-1-5-21-1255581842-1300659601-3764024703-513", "PrincipalType": "Base", "RightName": "Enroll", "IsInherited": false}, {"PrincipalSID": "S-1-5-21-1255581842-1300659601-3764024703-519", "PrincipalType": "Base", "RightName": "WriteOwner", "IsInherited": false}, {"PrincipalSID": "S-1-5-21-1255581842-1300659601-3764024703-519", "PrincipalType": "Base", "RightName": "WriteDacl", "IsInherited": false}, {"PrincipalSID": "S-1-5-21-1255581842-1300659601-3764024703-519", "PrincipalType": "Base", "RightName": "WriteProperty", "IsInherited": false}, {"PrincipalSID": "S-1-5-21-1255581842-1300659601-3764024703-519", "PrincipalType": "Base", "RightName": "Enroll", "IsInherited": false}], "cas_ids": ["36909168-af52-430a-8832-d08be567d6be"]}, {"Properties": {"name": "SMARTCARDLOGON@CORP.THERESERVE.LOC", "highvalue": false, "Template Name": "SmartcardLogon", "Display Name": "Smartcard Logon", "Enabled": false, "Client Authentication": true, "Enrollment Agent": false, "Any Purpose": false, "Enrollee Supplies Subject": false, "Certificate Name Flag": ["SubjectAltRequireUpn", "SubjectRequireDirectoryPath"], "Extended Key Usage": ["Client Authentication", "Smart Card Logon"], "Requires Manager Approval": false, "Requires Key Archival": false, "Authorized Signatures Required": 0, "Validity Period": "1 year", "Renewal Period": "6 weeks", "Minimum RSA Key Length": 2048, "domain": "CORP.THERESERVE.LOC"}, "ObjectIdentifier": "8b04a693-435e-4fd3-935c-4ee3488c053e", "Aces": [{"PrincipalSID": "S-1-5-21-1255581842-1300659601-3764024703-519", "PrincipalType": "Base", "RightName": "Owns", "IsInherited": false}, {"PrincipalSID": "S-1-5-21-1255581842-1300659601-3764024703-512", "PrincipalType": "Base", "RightName": "WriteOwner", "IsInherited": false}, {"PrincipalSID": "S-1-5-21-1255581842-1300659601-3764024703-512", "PrincipalType": "Base", "RightName": "WriteDacl", "IsInherited": false}, {"PrincipalSID": "S-1-5-21-1255581842-1300659601-3764024703-512", "PrincipalType": "Base", "RightName": "WriteProperty", "IsInherited": false}, {"PrincipalSID": "S-1-5-21-1255581842-1300659601-3764024703-512", "PrincipalType": "Base", "RightName": "Enroll", "IsInherited": false}, {"PrincipalSID": "S-1-5-21-1255581842-1300659601-3764024703-519", "PrincipalType": "Base", "RightName": "WriteOwner", "IsInherited": false}, {"PrincipalSID": "S-1-5-21-1255581842-1300659601-3764024703-519", "PrincipalType": "Base", "RightName": "WriteDacl", "IsInherited": false}, {"PrincipalSID": "S-1-5-21-1255581842-1300659601-3764024703-519", "PrincipalType": "Base", "RightName": "WriteProperty", "IsInherited": false}, {"PrincipalSID": "S-1-5-21-1255581842-1300659601-3764024703-519", "PrincipalType": "Base", "RightName": "Enroll", "IsInherited": false}], "cas_ids": null}, {"Properties": {"name": "CLIENTAUTH@CORP.THERESERVE.LOC", "highvalue": false, "Template Name": "ClientAuth", "Display Name": "Authenticated Session", "Enabled": false, "Client Authentication": true, "Enrollment Agent": false, "Any Purpose": false, "Enrollee Supplies Subject": false, "Certificate Name Flag": ["SubjectAltRequireUpn", "SubjectRequireDirectoryPath"], "Enrollment Flag": ["AutoEnrollment"], "Extended Key Usage": ["Client Authentication"], "Requires Manager Approval": false, "Requires Key Archival": false, "Authorized Signatures Required": 0, "Validity Period": "1 year", "Renewal Period": "6 weeks", "Minimum RSA Key Length": 2048, "domain": "CORP.THERESERVE.LOC"}, "ObjectIdentifier": "ba8d04a6-8169-4bc3-a7e0-bd774bbbf384", "Aces": [{"PrincipalSID": "S-1-5-21-1255581842-1300659601-3764024703-519", "PrincipalType": "Base", "RightName": "Owns", "IsInherited": false}, {"PrincipalSID": "S-1-5-21-1255581842-1300659601-3764024703-512", "PrincipalType": "Base", "RightName": "WriteOwner", "IsInherited": false}, {"PrincipalSID": "S-1-5-21-1255581842-1300659601-3764024703-512", "PrincipalType": "Base", "RightName": "WriteDacl", "IsInherited": false}, {"PrincipalSID": "S-1-5-21-1255581842-1300659601-3764024703-512", "PrincipalType": "Base", "RightName": "WriteProperty", "IsInherited": false}, {"PrincipalSID": "S-1-5-21-1255581842-1300659601-3764024703-512", "PrincipalType": "Base", "RightName": "Enroll", "IsInherited": false}, {"PrincipalSID": "S-1-5-21-1255581842-1300659601-3764024703-513", "PrincipalType": "Base", "RightName": "Enroll", "IsInherited": false}, {"PrincipalSID": "S-1-5-21-1255581842-1300659601-3764024703-519", "PrincipalType": "Base", "RightName": "WriteOwner", "IsInherited": false}, {"PrincipalSID": "S-1-5-21-1255581842-1300659601-3764024703-519", "PrincipalType": "Base", "RightName": "WriteDacl", "IsInherited": false}, {"PrincipalSID": "S-1-5-21-1255581842-1300659601-3764024703-519", "PrincipalType": "Base", "RightName": "WriteProperty", "IsInherited": false}, {"PrincipalSID": "S-1-5-21-1255581842-1300659601-3764024703-519", "PrincipalType": "Base", "RightName": "Enroll", "IsInherited": false}], "cas_ids": null}, {"Properties": {"name": "SMARTCARDUSER@CORP.THERESERVE.LOC", "highvalue": false, "Template Name": "SmartcardUser", "Display Name": "Smartcard User", "Enabled": false, "Client Authentication": true, "Enrollment Agent": false, "Any Purpose": false, "Enrollee Supplies Subject": false, "Certificate Name Flag": ["SubjectAltRequireUpn", "SubjectAltRequireEmail", "SubjectRequireEmail", "SubjectRequireDirectoryPath"], "Enrollment Flag": ["IncludeSymmetricAlgorithms", "PublishToDs"], "Extended Key Usage": ["Secure Email", "Client Authentication", "Smart Card Logon"], "Requires Manager Approval": false, "Requires Key Archival": false, "Authorized Signatures Required": 0, "Validity Period": "1 year", "Renewal Period": "6 weeks", "Minimum RSA Key Length": 2048, "domain": "CORP.THERESERVE.LOC"}, "ObjectIdentifier": "560bb226-bf44-4f05-8cf6-71c2106a4b06", "Aces": [{"PrincipalSID": "S-1-5-21-1255581842-1300659601-3764024703-519", "PrincipalType": "Base", "RightName": "Owns", "IsInherited": false}, {"PrincipalSID": "S-1-5-21-1255581842-1300659601-3764024703-512", "PrincipalType": "Base", "RightName": "WriteOwner", "IsInherited": false}, {"PrincipalSID": "S-1-5-21-1255581842-1300659601-3764024703-512", "PrincipalType": "Base", "RightName": "WriteDacl", "IsInherited": false}, {"PrincipalSID": "S-1-5-21-1255581842-1300659601-3764024703-512", "PrincipalType": "Base", "RightName": "WriteProperty", "IsInherited": false}, {"PrincipalSID": "S-1-5-21-1255581842-1300659601-3764024703-512", "PrincipalType": "Base", "RightName": "Enroll", "IsInherited": false}, {"PrincipalSID": "S-1-5-21-1255581842-1300659601-3764024703-519", "PrincipalType": "Base", "RightName": "WriteOwner", "IsInherited": false}, {"PrincipalSID": "S-1-5-21-1255581842-1300659601-3764024703-519", "PrincipalType": "Base", "RightName": "WriteDacl", "IsInherited": false}, {"PrincipalSID": "S-1-5-21-1255581842-1300659601-3764024703-519", "PrincipalType": "Base", "RightName": "WriteProperty", "IsInherited": false}, {"PrincipalSID": "S-1-5-21-1255581842-1300659601-3764024703-519", "PrincipalType": "Base", "RightName": "Enroll", "IsInherited": false}], "cas_ids": null}, {"Properties": {"name": "USERSIGNATURE@CORP.THERESERVE.LOC", "highvalue": false, "Template Name": "UserSignature", "Display Name": "User Signature Only", "Enabled": false, "Client Authentication": true, "Enrollment Agent": false, "Any Purpose": false, "Enrollee Supplies Subject": false, "Certificate Name Flag": ["SubjectAltRequireUpn", "SubjectAltRequireEmail", "SubjectRequireEmail", "SubjectRequireDirectoryPath"], "Enrollment Flag": ["AutoEnrollment"], "Extended Key Usage": ["Secure Email", "Client Authentication"], "Requires Manager Approval": false, "Requires Key Archival": false, "Authorized Signatures Required": 0, "Validity Period": "1 year", "Renewal Period": "6 weeks", "Minimum RSA Key Length": 2048, "domain": "CORP.THERESERVE.LOC"}, "ObjectIdentifier": "5ba5752f-51c0-4820-a4db-bab2a1e64ddd", "Aces": [{"PrincipalSID": "S-1-5-21-1255581842-1300659601-3764024703-519", "PrincipalType": "Base", "RightName": "Owns", "IsInherited": false}, {"PrincipalSID": "S-1-5-21-1255581842-1300659601-3764024703-512", "PrincipalType": "Base", "RightName": "WriteOwner", "IsInherited": false}, {"PrincipalSID": "S-1-5-21-1255581842-1300659601-3764024703-512", "PrincipalType": "Base", "RightName": "WriteDacl", "IsInherited": false}, {"PrincipalSID": "S-1-5-21-1255581842-1300659601-3764024703-512", "PrincipalType": "Base", "RightName": "WriteProperty", "IsInherited": false}, {"PrincipalSID": "S-1-5-21-1255581842-1300659601-3764024703-512", "PrincipalType": "Base", "RightName": "Enroll", "IsInherited": false}, {"PrincipalSID": "S-1-5-21-1255581842-1300659601-3764024703-513", "PrincipalType": "Base", "RightName": "Enroll", "IsInherited": false}, {"PrincipalSID": "S-1-5-21-1255581842-1300659601-3764024703-519", "PrincipalType": "Base", "RightName": "WriteOwner", "IsInherited": false}, {"PrincipalSID": "S-1-5-21-1255581842-1300659601-3764024703-519", "PrincipalType": "Base", "RightName": "WriteDacl", "IsInherited": false}, {"PrincipalSID": "S-1-5-21-1255581842-1300659601-3764024703-519", "PrincipalType": "Base", "RightName": "WriteProperty", "IsInherited": false}, {"PrincipalSID": "S-1-5-21-1255581842-1300659601-3764024703-519", "PrincipalType": "Base", "RightName": "Enroll", "IsInherited": false}], "cas_ids": null}, {"Properties": {"name": "USER@CORP.THERESERVE.LOC", "highvalue": false, "Template Name": "User", "Display Name": "User", "Certificate Authorities": ["THERESERVE-CA"], "Enabled": true, "Client Authentication": true, "Enrollment Agent": false, "Any Purpose": false, "Enrollee Supplies Subject": false, "Certificate Name Flag": ["SubjectAltRequireUpn", "SubjectAltRequireEmail", "SubjectRequireEmail", "SubjectRequireDirectoryPath"], "Enrollment Flag": ["IncludeSymmetricAlgorithms", "PublishToDs", "AutoEnrollment"], "Private Key Flag": ["ExportableKey"], "Extended Key Usage": ["Encrypting File System", "Secure Email", "Client Authentication"], "Requires Manager Approval": false, "Requires Key Archival": false, "Authorized Signatures Required": 0, "Validity Period": "1 year", "Renewal Period": "6 weeks", "Minimum RSA Key Length": 2048, "domain": "CORP.THERESERVE.LOC"}, "ObjectIdentifier": "f6e61355-fc53-446e-9e5d-068fc7576e36", "Aces": [{"PrincipalSID": "S-1-5-21-1255581842-1300659601-3764024703-519", "PrincipalType": "Base", "RightName": "Owns", "IsInherited": false}, {"PrincipalSID": "S-1-5-21-1255581842-1300659601-3764024703-512", "PrincipalType": "Base", "RightName": "WriteOwner", "IsInherited": false}, {"PrincipalSID": "S-1-5-21-1255581842-1300659601-3764024703-512", "PrincipalType": "Base", "RightName": "WriteDacl", "IsInherited": false}, {"PrincipalSID": "S-1-5-21-1255581842-1300659601-3764024703-512", "PrincipalType": "Base", "RightName": "WriteProperty", "IsInherited": false}, {"PrincipalSID": "S-1-5-21-1255581842-1300659601-3764024703-512", "PrincipalType": "Base", "RightName": "Enroll", "IsInherited": false}, {"PrincipalSID": "S-1-5-21-1255581842-1300659601-3764024703-513", "PrincipalType": "Base", "RightName": "Enroll", "IsInherited": false}, {"PrincipalSID": "S-1-5-21-1255581842-1300659601-3764024703-519", "PrincipalType": "Base", "RightName": "WriteOwner", "IsInherited": false}, {"PrincipalSID": "S-1-5-21-1255581842-1300659601-3764024703-519", "PrincipalType": "Base", "RightName": "WriteDacl", "IsInherited": false}, {"PrincipalSID": "S-1-5-21-1255581842-1300659601-3764024703-519", "PrincipalType": "Base", "RightName": "WriteProperty", "IsInherited": false}, {"PrincipalSID": "S-1-5-21-1255581842-1300659601-3764024703-519", "PrincipalType": "Base", "RightName": "Enroll", "IsInherited": false}], "cas_ids": ["36909168-af52-430a-8832-d08be567d6be"]}], "meta": {"count": 34, "type": "templates", "version": 4}}