﻿{"data":[{"GPOChanges":{"LocalAdmins":[],"RemoteDesktopUsers":[],"DcomUsers":[],"PSRemoteUsers":[],"AffectedComputers":[{"ObjectIdentifier":"S-1-5-21-4088429403-1159899800-2753317549-1000","ObjectType":"Computer"}]},"Properties":{"domain":"OBJECT.LOCAL","name":"DOMAIN CONTROLLERS@OBJECT.LOCAL","distinguishedname":"OU=DOMAIN CONTROLLERS,DC=OBJECT,DC=LOCAL","domainsid":"S-1-5-21-4088429403-1159899800-2753317549","highvalue":false,"description":"Default container for domain controllers","whencreated":1634765069,"blocksinheritance":false},"Links":[{"IsEnforced":false,"GUID":"864446FE-2A14-4BCD-82E6-22D90832024E"}],"ChildObjects":[{"ObjectIdentifier":"S-1-5-21-4088429403-1159899800-2753317549-1000","ObjectType":"Computer"}],"Aces":[{"PrincipalSID":"S-1-5-21-4088429403-1159899800-2753317549-512","PrincipalType":"Group","RightName":"Owns","IsInherited":false},{"PrincipalSID":"S-1-5-21-4088429403-1159899800-2753317549-512","PrincipalType":"Group","RightName":"WriteDacl","IsInherited":false},{"PrincipalSID":"S-1-5-21-4088429403-1159899800-2753317549-512","PrincipalType":"Group","RightName":"WriteOwner","IsInherited":false},{"PrincipalSID":"S-1-5-21-4088429403-1159899800-2753317549-519","PrincipalType":"Group","RightName":"GenericAll","IsInherited":true},{"PrincipalSID":"OBJECT.LOCAL-S-1-5-32-544","PrincipalType":"Group","RightName":"WriteDacl","IsInherited":true},{"PrincipalSID":"OBJECT.LOCAL-S-1-5-32-544","PrincipalType":"Group","RightName":"WriteOwner","IsInherited":true}],"ObjectIdentifier":"A66B3A78-610A-4958-8E3D-AE5AFBCAC112","IsDeleted":false,"IsACLProtected":false}],"meta":{"methods":29695,"type":"ous","count":1,"version":5}}