﻿{"data":[{"Properties":{"domain":"OBJECT.LOCAL","name":"ADMINSDHOLDER@OBJECT.LOCAL","distinguishedname":"CN=ADMINSDHOLDER,CN=SYSTEM,DC=OBJECT,DC=LOCAL","domainsid":"S-1-5-21-4088429403-1159899800-2753317549","highvalue":false},"ChildObjects":[],"Aces":[{"PrincipalSID":"S-1-5-21-4088429403-1159899800-2753317549-512","PrincipalType":"Group","RightName":"Owns","IsInherited":false},{"PrincipalSID":"OBJECT.LOCAL-S-1-5-32-544","PrincipalType":"Group","RightName":"WriteDacl","IsInherited":false},{"PrincipalSID":"OBJECT.LOCAL-S-1-5-32-544","PrincipalType":"Group","RightName":"WriteOwner","IsInherited":false},{"PrincipalSID":"S-1-5-21-4088429403-1159899800-2753317549-512","PrincipalType":"Group","RightName":"WriteDacl","IsInherited":false},{"PrincipalSID":"S-1-5-21-4088429403-1159899800-2753317549-512","PrincipalType":"Group","RightName":"WriteOwner","IsInherited":false},{"PrincipalSID":"S-1-5-21-4088429403-1159899800-2753317549-519","PrincipalType":"Group","RightName":"WriteDacl","IsInherited":false},{"PrincipalSID":"S-1-5-21-4088429403-1159899800-2753317549-519","PrincipalType":"Group","RightName":"WriteOwner","IsInherited":false}],"ObjectIdentifier":"BD548A02-754D-4F15-B84F-458D19112B7F","IsDeleted":false,"IsACLProtected":true},{"Properties":{"domain":"OBJECT.LOCAL","name":"SYSTEM@OBJECT.LOCAL","distinguishedname":"CN=SYSTEM,DC=OBJECT,DC=LOCAL","domainsid":"S-1-5-21-4088429403-1159899800-2753317549","highvalue":false},"ChildObjects":[],"Aces":[{"PrincipalSID":"S-1-5-21-4088429403-1159899800-2753317549-512","PrincipalType":"Group","RightName":"Owns","IsInherited":false},{"PrincipalSID":"S-1-5-21-4088429403-1159899800-2753317549-512","PrincipalType":"Group","RightName":"WriteDacl","IsInherited":false},{"PrincipalSID":"S-1-5-21-4088429403-1159899800-2753317549-512","PrincipalType":"Group","RightName":"WriteOwner","IsInherited":false},{"PrincipalSID":"S-1-5-21-4088429403-1159899800-2753317549-519","PrincipalType":"Group","RightName":"GenericAll","IsInherited":true},{"PrincipalSID":"OBJECT.LOCAL-S-1-5-32-544","PrincipalType":"Group","RightName":"WriteDacl","IsInherited":true},{"PrincipalSID":"OBJECT.LOCAL-S-1-5-32-544","PrincipalType":"Group","RightName":"WriteOwner","IsInherited":true}],"ObjectIdentifier":"E4315572-6C5C-45E5-9A3E-FD666BF6FB15","IsDeleted":false,"IsACLProtected":false},{"Properties":{"domain":"OBJECT.LOCAL","name":"COMPUTERS@OBJECT.LOCAL","distinguishedname":"CN=COMPUTERS,DC=OBJECT,DC=LOCAL","domainsid":"S-1-5-21-4088429403-1159899800-2753317549","highvalue":false},"ChildObjects":[],"Aces":[{"PrincipalSID":"S-1-5-21-4088429403-1159899800-2753317549-512","PrincipalType":"Group","RightName":"Owns","IsInherited":false},{"PrincipalSID":"S-1-5-21-4088429403-1159899800-2753317549-512","PrincipalType":"Group","RightName":"WriteDacl","IsInherited":false},{"PrincipalSID":"S-1-5-21-4088429403-1159899800-2753317549-512","PrincipalType":"Group","RightName":"WriteOwner","IsInherited":false},{"PrincipalSID":"S-1-5-21-4088429403-1159899800-2753317549-519","PrincipalType":"Group","RightName":"GenericAll","IsInherited":true},{"PrincipalSID":"OBJECT.LOCAL-S-1-5-32-544","PrincipalType":"Group","RightName":"WriteDacl","IsInherited":true},{"PrincipalSID":"OBJECT.LOCAL-S-1-5-32-544","PrincipalType":"Group","RightName":"WriteOwner","IsInherited":true}],"ObjectIdentifier":"864D73A8-11DC-4AE4-B97C-47CF184FB5BE","IsDeleted":false,"IsACLProtected":false},{"Properties":{"domain":"OBJECT.LOCAL","name":"FOREIGNSECURITYPRINCIPALS@OBJECT.LOCAL","distinguishedname":"CN=FOREIGNSECURITYPRINCIPALS,DC=OBJECT,DC=LOCAL","domainsid":"S-1-5-21-4088429403-1159899800-2753317549","highvalue":false},"ChildObjects":[],"Aces":[{"PrincipalSID":"S-1-5-21-4088429403-1159899800-2753317549-512","PrincipalType":"Group","RightName":"Owns","IsInherited":false},{"PrincipalSID":"S-1-5-21-4088429403-1159899800-2753317549-512","PrincipalType":"Group","RightName":"GenericAll","IsInherited":false},{"PrincipalSID":"S-1-5-21-4088429403-1159899800-2753317549-519","PrincipalType":"Group","RightName":"GenericAll","IsInherited":true},{"PrincipalSID":"OBJECT.LOCAL-S-1-5-32-544","PrincipalType":"Group","RightName":"WriteDacl","IsInherited":true},{"PrincipalSID":"OBJECT.LOCAL-S-1-5-32-544","PrincipalType":"Group","RightName":"WriteOwner","IsInherited":true}],"ObjectIdentifier":"C864B7B2-1762-4430-9EC3-A8E280EBB2A8","IsDeleted":false,"IsACLProtected":false},{"Properties":{"domain":"OBJECT.LOCAL","name":"PROGRAM DATA@OBJECT.LOCAL","distinguishedname":"CN=PROGRAM DATA,DC=OBJECT,DC=LOCAL","domainsid":"S-1-5-21-4088429403-1159899800-2753317549","highvalue":false},"ChildObjects":[],"Aces":[{"PrincipalSID":"S-1-5-21-4088429403-1159899800-2753317549-512","PrincipalType":"Group","RightName":"Owns","IsInherited":false},{"PrincipalSID":"S-1-5-21-4088429403-1159899800-2753317549-512","PrincipalType":"Group","RightName":"GenericAll","IsInherited":false},{"PrincipalSID":"S-1-5-21-4088429403-1159899800-2753317549-519","PrincipalType":"Group","RightName":"GenericAll","IsInherited":true},{"PrincipalSID":"OBJECT.LOCAL-S-1-5-32-544","PrincipalType":"Group","RightName":"WriteDacl","IsInherited":true},{"PrincipalSID":"OBJECT.LOCAL-S-1-5-32-544","PrincipalType":"Group","RightName":"WriteOwner","IsInherited":true}],"ObjectIdentifier":"E6DC6C1D-6F4B-4198-B12C-E4D2FF3E0B23","IsDeleted":false,"IsACLProtected":false},{"Properties":{"domain":"OBJECT.LOCAL","name":"WMIGPO@OBJECT.LOCAL","distinguishedname":"CN=WMIGPO,CN=WMIPOLICY,CN=SYSTEM,DC=OBJECT,DC=LOCAL","domainsid":"S-1-5-21-4088429403-1159899800-2753317549","highvalue":false},"ChildObjects":[],"Aces":[{"PrincipalSID":"S-1-5-21-4088429403-1159899800-2753317549-512","PrincipalType":"Group","RightName":"Owns","IsInherited":false},{"PrincipalSID":"S-1-5-21-4088429403-1159899800-2753317549-512","PrincipalType":"Group","RightName":"WriteDacl","IsInherited":false},{"PrincipalSID":"S-1-5-21-4088429403-1159899800-2753317549-512","PrincipalType":"Group","RightName":"WriteOwner","IsInherited":false},{"PrincipalSID":"S-1-5-21-4088429403-1159899800-2753317549-519","PrincipalType":"Group","RightName":"GenericAll","IsInherited":true},{"PrincipalSID":"S-1-5-21-4088429403-1159899800-2753317549-512","PrincipalType":"Group","RightName":"GenericAll","IsInherited":true}],"ObjectIdentifier":"3191F0F3-3786-42EA-B91F-5EAEE3C73C78","IsDeleted":false,"IsACLProtected":false},{"Properties":{"domain":"OBJECT.LOCAL","name":"MANAGED SERVICE ACCOUNTS@OBJECT.LOCAL","distinguishedname":"CN=MANAGED SERVICE ACCOUNTS,DC=OBJECT,DC=LOCAL","domainsid":"S-1-5-21-4088429403-1159899800-2753317549","highvalue":false},"ChildObjects":[],"Aces":[{"PrincipalSID":"S-1-5-21-4088429403-1159899800-2753317549-512","PrincipalType":"Group","RightName":"Owns","IsInherited":false},{"PrincipalSID":"S-1-5-21-4088429403-1159899800-2753317549-512","PrincipalType":"Group","RightName":"WriteDacl","IsInherited":false},{"PrincipalSID":"S-1-5-21-4088429403-1159899800-2753317549-512","PrincipalType":"Group","RightName":"WriteOwner","IsInherited":false},{"PrincipalSID":"S-1-5-21-4088429403-1159899800-2753317549-519","PrincipalType":"Group","RightName":"GenericAll","IsInherited":true},{"PrincipalSID":"OBJECT.LOCAL-S-1-5-32-544","PrincipalType":"Group","RightName":"WriteDacl","IsInherited":true},{"PrincipalSID":"OBJECT.LOCAL-S-1-5-32-544","PrincipalType":"Group","RightName":"WriteOwner","IsInherited":true}],"ObjectIdentifier":"4A2E7B16-1C52-4183-9F2B-793FD897BF4B","IsDeleted":false,"IsACLProtected":false},{"Properties":{"domain":"OBJECT.LOCAL","name":"POLICYTEMPLATE@OBJECT.LOCAL","distinguishedname":"CN=POLICYTEMPLATE,CN=WMIPOLICY,CN=SYSTEM,DC=OBJECT,DC=LOCAL","domainsid":"S-1-5-21-4088429403-1159899800-2753317549","highvalue":false},"ChildObjects":[],"Aces":[{"PrincipalSID":"S-1-5-21-4088429403-1159899800-2753317549-512","PrincipalType":"Group","RightName":"Owns","IsInherited":false},{"PrincipalSID":"S-1-5-21-4088429403-1159899800-2753317549-512","PrincipalType":"Group","RightName":"WriteDacl","IsInherited":false},{"PrincipalSID":"S-1-5-21-4088429403-1159899800-2753317549-512","PrincipalType":"Group","RightName":"WriteOwner","IsInherited":false},{"PrincipalSID":"S-1-5-21-4088429403-1159899800-2753317549-519","PrincipalType":"Group","RightName":"GenericAll","IsInherited":true},{"PrincipalSID":"S-1-5-21-4088429403-1159899800-2753317549-512","PrincipalType":"Group","RightName":"GenericAll","IsInherited":true}],"ObjectIdentifier":"B4BF26C6-6CB1-4D3A-A28E-2DDE2E44699C","IsDeleted":false,"IsACLProtected":false},{"Properties":{"domain":"OBJECT.LOCAL","name":"POLICIES@OBJECT.LOCAL","distinguishedname":"CN=POLICIES,CN=SYSTEM,DC=OBJECT,DC=LOCAL","domainsid":"S-1-5-21-4088429403-1159899800-2753317549","highvalue":false},"ChildObjects":[],"Aces":[{"PrincipalSID":"S-1-5-21-4088429403-1159899800-2753317549-512","PrincipalType":"Group","RightName":"Owns","IsInherited":false},{"PrincipalSID":"S-1-5-21-4088429403-1159899800-2753317549-512","PrincipalType":"Group","RightName":"WriteDacl","IsInherited":false},{"PrincipalSID":"S-1-5-21-4088429403-1159899800-2753317549-512","PrincipalType":"Group","RightName":"WriteOwner","IsInherited":false},{"PrincipalSID":"S-1-5-21-4088429403-1159899800-2753317549-519","PrincipalType":"Group","RightName":"GenericAll","IsInherited":true},{"PrincipalSID":"OBJECT.LOCAL-S-1-5-32-544","PrincipalType":"Group","RightName":"WriteDacl","IsInherited":true},{"PrincipalSID":"OBJECT.LOCAL-S-1-5-32-544","PrincipalType":"Group","RightName":"WriteOwner","IsInherited":true}],"ObjectIdentifier":"395C2A6F-1B24-45A4-BB24-65F42E3266FC","IsDeleted":false,"IsACLProtected":false},{"Properties":{"domain":"OBJECT.LOCAL","name":"MICROSOFT@OBJECT.LOCAL","distinguishedname":"CN=MICROSOFT,CN=PROGRAM DATA,DC=OBJECT,DC=LOCAL","domainsid":"S-1-5-21-4088429403-1159899800-2753317549","highvalue":false},"ChildObjects":[],"Aces":[{"PrincipalSID":"S-1-5-21-4088429403-1159899800-2753317549-512","PrincipalType":"Group","RightName":"Owns","IsInherited":false},{"PrincipalSID":"S-1-5-21-4088429403-1159899800-2753317549-512","PrincipalType":"Group","RightName":"GenericAll","IsInherited":false},{"PrincipalSID":"S-1-5-21-4088429403-1159899800-2753317549-519","PrincipalType":"Group","RightName":"GenericAll","IsInherited":true},{"PrincipalSID":"OBJECT.LOCAL-S-1-5-32-544","PrincipalType":"Group","RightName":"WriteDacl","IsInherited":true},{"PrincipalSID":"OBJECT.LOCAL-S-1-5-32-544","PrincipalType":"Group","RightName":"WriteOwner","IsInherited":true}],"ObjectIdentifier":"A290F4EB-0FD5-408A-A01F-A0DDDE443793","IsDeleted":false,"IsACLProtected":false},{"Properties":{"domain":"OBJECT.LOCAL","name":"WINSOCKSERVICES@OBJECT.LOCAL","distinguishedname":"CN=WINSOCKSERVICES,CN=SYSTEM,DC=OBJECT,DC=LOCAL","domainsid":"S-1-5-21-4088429403-1159899800-2753317549","highvalue":false},"ChildObjects":[],"Aces":[{"PrincipalSID":"S-1-5-21-4088429403-1159899800-2753317549-512","PrincipalType":"Group","RightName":"Owns","IsInherited":false},{"PrincipalSID":"S-1-5-21-4088429403-1159899800-2753317549-512","PrincipalType":"Group","RightName":"WriteDacl","IsInherited":false},{"PrincipalSID":"S-1-5-21-4088429403-1159899800-2753317549-512","PrincipalType":"Group","RightName":"WriteOwner","IsInherited":false},{"PrincipalSID":"S-1-5-21-4088429403-1159899800-2753317549-519","PrincipalType":"Group","RightName":"GenericAll","IsInherited":true},{"PrincipalSID":"OBJECT.LOCAL-S-1-5-32-544","PrincipalType":"Group","RightName":"WriteDacl","IsInherited":true},{"PrincipalSID":"OBJECT.LOCAL-S-1-5-32-544","PrincipalType":"Group","RightName":"WriteOwner","IsInherited":true}],"ObjectIdentifier":"98B3F2E5-C9E6-464F-8211-85AFF90B3F95","IsDeleted":false,"IsACLProtected":false},{"Properties":{"domain":"OBJECT.LOCAL","name":"RPCSERVICES@OBJECT.LOCAL","distinguishedname":"CN=RPCSERVICES,CN=SYSTEM,DC=OBJECT,DC=LOCAL","domainsid":"S-1-5-21-4088429403-1159899800-2753317549","highvalue":false},"ChildObjects":[],"Aces":[{"PrincipalSID":"S-1-5-21-4088429403-1159899800-2753317549-512","PrincipalType":"Group","RightName":"Owns","IsInherited":false},{"PrincipalSID":"S-1-5-21-4088429403-1159899800-2753317549-512","PrincipalType":"Group","RightName":"WriteDacl","IsInherited":false},{"PrincipalSID":"S-1-5-21-4088429403-1159899800-2753317549-512","PrincipalType":"Group","RightName":"WriteOwner","IsInherited":false},{"PrincipalSID":"S-1-5-21-4088429403-1159899800-2753317549-519","PrincipalType":"Group","RightName":"GenericAll","IsInherited":true},{"PrincipalSID":"OBJECT.LOCAL-S-1-5-32-544","PrincipalType":"Group","RightName":"WriteDacl","IsInherited":true},{"PrincipalSID":"OBJECT.LOCAL-S-1-5-32-544","PrincipalType":"Group","RightName":"WriteOwner","IsInherited":true}],"ObjectIdentifier":"05DB2768-3F63-4484-B8F8-D23991882082","IsDeleted":false,"IsACLProtected":false},{"Properties":{"domain":"OBJECT.LOCAL","name":"RAS AND IAS SERVERS ACCESS CHECK@OBJECT.LOCAL","distinguishedname":"CN=RAS AND IAS SERVERS ACCESS CHECK,CN=SYSTEM,DC=OBJECT,DC=LOCAL","domainsid":"S-1-5-21-4088429403-1159899800-2753317549","highvalue":false},"ChildObjects":[],"Aces":[{"PrincipalSID":"S-1-5-21-4088429403-1159899800-2753317549-512","PrincipalType":"Group","RightName":"Owns","IsInherited":false},{"PrincipalSID":"S-1-5-21-4088429403-1159899800-2753317549-553","PrincipalType":"Group","RightName":"WriteDacl","IsInherited":false},{"PrincipalSID":"S-1-5-21-4088429403-1159899800-2753317549-553","PrincipalType":"Group","RightName":"WriteOwner","IsInherited":false},{"PrincipalSID":"S-1-5-21-4088429403-1159899800-2753317549-519","PrincipalType":"Group","RightName":"GenericAll","IsInherited":true},{"PrincipalSID":"OBJECT.LOCAL-S-1-5-32-544","PrincipalType":"Group","RightName":"WriteDacl","IsInherited":true},{"PrincipalSID":"OBJECT.LOCAL-S-1-5-32-544","PrincipalType":"Group","RightName":"WriteOwner","IsInherited":true}],"ObjectIdentifier":"E17F8371-4668-4B19-9DB4-B9891D9D3141","IsDeleted":false,"IsACLProtected":false},{"Properties":{"domain":"OBJECT.LOCAL","name":"COMPARTITIONSETS@OBJECT.LOCAL","distinguishedname":"CN=COMPARTITIONSETS,CN=SYSTEM,DC=OBJECT,DC=LOCAL","domainsid":"S-1-5-21-4088429403-1159899800-2753317549","highvalue":false},"ChildObjects":[],"Aces":[{"PrincipalSID":"S-1-5-21-4088429403-1159899800-2753317549-512","PrincipalType":"Group","RightName":"Owns","IsInherited":false},{"PrincipalSID":"S-1-5-21-4088429403-1159899800-2753317549-512","PrincipalType":"Group","RightName":"WriteDacl","IsInherited":false},{"PrincipalSID":"S-1-5-21-4088429403-1159899800-2753317549-512","PrincipalType":"Group","RightName":"WriteOwner","IsInherited":false},{"PrincipalSID":"S-1-5-21-4088429403-1159899800-2753317549-519","PrincipalType":"Group","RightName":"GenericAll","IsInherited":true},{"PrincipalSID":"OBJECT.LOCAL-S-1-5-32-544","PrincipalType":"Group","RightName":"WriteDacl","IsInherited":true},{"PrincipalSID":"OBJECT.LOCAL-S-1-5-32-544","PrincipalType":"Group","RightName":"WriteOwner","IsInherited":true}],"ObjectIdentifier":"B6CFCDAE-7AE7-473D-AF64-DB87C175103A","IsDeleted":false,"IsACLProtected":false},{"Properties":{"domain":"OBJECT.LOCAL","name":"COMPARTITIONS@OBJECT.LOCAL","distinguishedname":"CN=COMPARTITIONS,CN=SYSTEM,DC=OBJECT,DC=LOCAL","domainsid":"S-1-5-21-4088429403-1159899800-2753317549","highvalue":false},"ChildObjects":[],"Aces":[{"PrincipalSID":"S-1-5-21-4088429403-1159899800-2753317549-512","PrincipalType":"Group","RightName":"Owns","IsInherited":false},{"PrincipalSID":"S-1-5-21-4088429403-1159899800-2753317549-512","PrincipalType":"Group","RightName":"WriteDacl","IsInherited":false},{"PrincipalSID":"S-1-5-21-4088429403-1159899800-2753317549-512","PrincipalType":"Group","RightName":"WriteOwner","IsInherited":false},{"PrincipalSID":"S-1-5-21-4088429403-1159899800-2753317549-519","PrincipalType":"Group","RightName":"GenericAll","IsInherited":true},{"PrincipalSID":"OBJECT.LOCAL-S-1-5-32-544","PrincipalType":"Group","RightName":"WriteDacl","IsInherited":true},{"PrincipalSID":"OBJECT.LOCAL-S-1-5-32-544","PrincipalType":"Group","RightName":"WriteOwner","IsInherited":true}],"ObjectIdentifier":"8D2A082A-9EDD-4B8E-BECC-41F6E4A29344","IsDeleted":false,"IsACLProtected":false},{"Properties":{"domain":"OBJECT.LOCAL","name":"WMIPOLICY@OBJECT.LOCAL","distinguishedname":"CN=WMIPOLICY,CN=SYSTEM,DC=OBJECT,DC=LOCAL","domainsid":"S-1-5-21-4088429403-1159899800-2753317549","highvalue":false},"ChildObjects":[],"Aces":[{"PrincipalSID":"S-1-5-21-4088429403-1159899800-2753317549-512","PrincipalType":"Group","RightName":"Owns","IsInherited":false},{"PrincipalSID":"S-1-5-21-4088429403-1159899800-2753317549-512","PrincipalType":"Group","RightName":"GenericAll","IsInherited":false},{"PrincipalSID":"S-1-5-21-4088429403-1159899800-2753317549-519","PrincipalType":"Group","RightName":"GenericAll","IsInherited":false}],"ObjectIdentifier":"C81CBFD6-DDC2-489A-9651-31CE771657B3","IsDeleted":false,"IsACLProtected":true},{"Properties":{"domain":"OBJECT.LOCAL","name":"POLICYTYPE@OBJECT.LOCAL","distinguishedname":"CN=POLICYTYPE,CN=WMIPOLICY,CN=SYSTEM,DC=OBJECT,DC=LOCAL","domainsid":"S-1-5-21-4088429403-1159899800-2753317549","highvalue":false},"ChildObjects":[],"Aces":[{"PrincipalSID":"S-1-5-21-4088429403-1159899800-2753317549-512","PrincipalType":"Group","RightName":"Owns","IsInherited":false},{"PrincipalSID":"S-1-5-21-4088429403-1159899800-2753317549-512","PrincipalType":"Group","RightName":"WriteDacl","IsInherited":false},{"PrincipalSID":"S-1-5-21-4088429403-1159899800-2753317549-512","PrincipalType":"Group","RightName":"WriteOwner","IsInherited":false},{"PrincipalSID":"S-1-5-21-4088429403-1159899800-2753317549-519","PrincipalType":"Group","RightName":"GenericAll","IsInherited":true},{"PrincipalSID":"S-1-5-21-4088429403-1159899800-2753317549-512","PrincipalType":"Group","RightName":"GenericAll","IsInherited":true}],"ObjectIdentifier":"961234D9-8EF6-4724-B400-8BEA4BB8980F","IsDeleted":false,"IsACLProtected":false},{"Properties":{"domain":"OBJECT.LOCAL","name":"PSPS@OBJECT.LOCAL","distinguishedname":"CN=PSPS,CN=SYSTEM,DC=OBJECT,DC=LOCAL","domainsid":"S-1-5-21-4088429403-1159899800-2753317549","highvalue":false},"ChildObjects":[],"Aces":[{"PrincipalSID":"S-1-5-21-4088429403-1159899800-2753317549-512","PrincipalType":"Group","RightName":"Owns","IsInherited":false},{"PrincipalSID":"S-1-5-21-4088429403-1159899800-2753317549-512","PrincipalType":"Group","RightName":"GenericAll","IsInherited":false},{"PrincipalSID":"S-1-5-21-4088429403-1159899800-2753317549-519","PrincipalType":"Group","RightName":"GenericAll","IsInherited":true},{"PrincipalSID":"OBJECT.LOCAL-S-1-5-32-544","PrincipalType":"Group","RightName":"WriteDacl","IsInherited":true},{"PrincipalSID":"OBJECT.LOCAL-S-1-5-32-544","PrincipalType":"Group","RightName":"WriteOwner","IsInherited":true}],"ObjectIdentifier":"9AF27E3F-811B-470A-BB19-1DEF7E29EED3","IsDeleted":false,"IsACLProtected":false},{"Properties":{"domain":"OBJECT.LOCAL","name":"MEETINGS@OBJECT.LOCAL","distinguishedname":"CN=MEETINGS,CN=SYSTEM,DC=OBJECT,DC=LOCAL","domainsid":"S-1-5-21-4088429403-1159899800-2753317549","highvalue":false},"ChildObjects":[],"Aces":[{"PrincipalSID":"S-1-5-21-4088429403-1159899800-2753317549-512","PrincipalType":"Group","RightName":"Owns","IsInherited":false},{"PrincipalSID":"S-1-5-21-4088429403-1159899800-2753317549-512","PrincipalType":"Group","RightName":"WriteDacl","IsInherited":false},{"PrincipalSID":"S-1-5-21-4088429403-1159899800-2753317549-512","PrincipalType":"Group","RightName":"WriteOwner","IsInherited":false},{"PrincipalSID":"S-1-5-21-4088429403-1159899800-2753317549-519","PrincipalType":"Group","RightName":"GenericAll","IsInherited":true},{"PrincipalSID":"OBJECT.LOCAL-S-1-5-32-544","PrincipalType":"Group","RightName":"WriteDacl","IsInherited":true},{"PrincipalSID":"OBJECT.LOCAL-S-1-5-32-544","PrincipalType":"Group","RightName":"WriteOwner","IsInherited":true}],"ObjectIdentifier":"C6EE2AE4-9181-4E81-82C3-01140EE62D8D","IsDeleted":false,"IsACLProtected":false},{"Properties":{"domain":"OBJECT.LOCAL","name":"SOM@OBJECT.LOCAL","distinguishedname":"CN=SOM,CN=WMIPOLICY,CN=SYSTEM,DC=OBJECT,DC=LOCAL","domainsid":"S-1-5-21-4088429403-1159899800-2753317549","highvalue":false},"ChildObjects":[],"Aces":[{"PrincipalSID":"S-1-5-21-4088429403-1159899800-2753317549-512","PrincipalType":"Group","RightName":"Owns","IsInherited":false},{"PrincipalSID":"S-1-5-21-4088429403-1159899800-2753317549-512","PrincipalType":"Group","RightName":"GenericAll","IsInherited":false},{"PrincipalSID":"S-1-5-21-4088429403-1159899800-2753317549-519","PrincipalType":"Group","RightName":"GenericAll","IsInherited":false}],"ObjectIdentifier":"913D1670-8A75-4091-9611-C53926AE2728","IsDeleted":false,"IsACLProtected":true},{"Properties":{"domain":"OBJECT.LOCAL","name":"USERS@OBJECT.LOCAL","distinguishedname":"CN=USERS,DC=OBJECT,DC=LOCAL","domainsid":"S-1-5-21-4088429403-1159899800-2753317549","highvalue":false},"ChildObjects":[{"ObjectIdentifier":"S-1-5-21-4088429403-1159899800-2753317549-500","ObjectType":"User"},{"ObjectIdentifier":"S-1-5-21-4088429403-1159899800-2753317549-571","ObjectType":"Group"},{"ObjectIdentifier":"S-1-5-21-4088429403-1159899800-2753317549-517","ObjectType":"Group"},{"ObjectIdentifier":"S-1-5-21-4088429403-1159899800-2753317549-522","ObjectType":"Group"},{"ObjectIdentifier":"S-1-5-21-4088429403-1159899800-2753317549-572","ObjectType":"Group"},{"ObjectIdentifier":"S-1-5-21-4088429403-1159899800-2753317549-1101","ObjectType":"Group"},{"ObjectIdentifier":"S-1-5-21-4088429403-1159899800-2753317549-1102","ObjectType":"Group"},{"ObjectIdentifier":"S-1-5-21-4088429403-1159899800-2753317549-512","ObjectType":"Group"},{"ObjectIdentifier":"S-1-5-21-4088429403-1159899800-2753317549-515","ObjectType":"Group"},{"ObjectIdentifier":"S-1-5-21-4088429403-1159899800-2753317549-516","ObjectType":"Group"},{"ObjectIdentifier":"S-1-5-21-4088429403-1159899800-2753317549-514","ObjectType":"Group"},{"ObjectIdentifier":"S-1-5-21-4088429403-1159899800-2753317549-513","ObjectType":"Group"},{"ObjectIdentifier":"S-1-5-21-4088429403-1159899800-2753317549-519","ObjectType":"Group"},{"ObjectIdentifier":"S-1-5-21-4088429403-1159899800-2753317549-527","ObjectType":"Group"},{"ObjectIdentifier":"S-1-5-21-4088429403-1159899800-2753317549-498","ObjectType":"Group"},{"ObjectIdentifier":"S-1-5-21-4088429403-1159899800-2753317549-520","ObjectType":"Group"},{"ObjectIdentifier":"S-1-5-21-4088429403-1159899800-2753317549-501","ObjectType":"User"},{"ObjectIdentifier":"S-1-5-21-4088429403-1159899800-2753317549-526","ObjectType":"Group"},{"ObjectIdentifier":"S-1-5-21-4088429403-1159899800-2753317549-502","ObjectType":"User"},{"ObjectIdentifier":"S-1-5-21-4088429403-1159899800-2753317549-1106","ObjectType":"User"},{"ObjectIdentifier":"S-1-5-21-4088429403-1159899800-2753317549-1103","ObjectType":"User"},{"ObjectIdentifier":"S-1-5-21-4088429403-1159899800-2753317549-525","ObjectType":"Group"},{"ObjectIdentifier":"S-1-5-21-4088429403-1159899800-2753317549-553","ObjectType":"Group"},{"ObjectIdentifier":"S-1-5-21-4088429403-1159899800-2753317549-521","ObjectType":"Group"},{"ObjectIdentifier":"S-1-5-21-4088429403-1159899800-2753317549-518","ObjectType":"Group"},{"ObjectIdentifier":"S-1-5-21-4088429403-1159899800-2753317549-1104","ObjectType":"User"}],"Aces":[{"PrincipalSID":"S-1-5-21-4088429403-1159899800-2753317549-512","PrincipalType":"Group","RightName":"Owns","IsInherited":false},{"PrincipalSID":"S-1-5-21-4088429403-1159899800-2753317549-512","PrincipalType":"Group","RightName":"WriteDacl","IsInherited":false},{"PrincipalSID":"S-1-5-21-4088429403-1159899800-2753317549-512","PrincipalType":"Group","RightName":"WriteOwner","IsInherited":false},{"PrincipalSID":"S-1-5-21-4088429403-1159899800-2753317549-519","PrincipalType":"Group","RightName":"GenericAll","IsInherited":true},{"PrincipalSID":"OBJECT.LOCAL-S-1-5-32-544","PrincipalType":"Group","RightName":"WriteDacl","IsInherited":true},{"PrincipalSID":"OBJECT.LOCAL-S-1-5-32-544","PrincipalType":"Group","RightName":"WriteOwner","IsInherited":true}],"ObjectIdentifier":"1A88FCD4-63DA-4918-A3ED-7045E3CEBD0D","IsDeleted":false,"IsACLProtected":false}],"meta":{"methods":29695,"type":"containers","count":21,"version":5}}