﻿{"data":[{"Properties":{"domain":"OBJECT.LOCAL","name":"ADMINISTRATOR@OBJECT.LOCAL","distinguishedname":"CN=ADMINISTRATOR,CN=USERS,DC=OBJECT,DC=LOCAL","domainsid":"S-1-5-21-4088429403-1159899800-2753317549","highvalue":false,"samaccountname":"Administrator","description":"Built-in account for administering the computer/domain","whencreated":1634765069,"sensitive":false,"dontreqpreauth":false,"passwordnotreqd":false,"unconstraineddelegation":false,"pwdneverexpires":true,"enabled":true,"trustedtoauth":false,"lastlogon":1676660796,"lastlogontimestamp":1676660778,"pwdlastset":1634903727,"serviceprincipalnames":[],"hasspn":false,"displayname":null,"email":null,"title":null,"homedirectory":null,"userpassword":null,"unixpassword":null,"unicodepassword":null,"sfupassword":null,"logonscript":null,"admincount":true,"sidhistory":[]},"AllowedToDelegate":[],"PrimaryGroupSID":"S-1-5-21-4088429403-1159899800-2753317549-513","HasSIDHistory":[],"SPNTargets":[],"Aces":[{"PrincipalSID":"S-1-5-21-4088429403-1159899800-2753317549-512","PrincipalType":"Group","RightName":"Owns","IsInherited":false},{"PrincipalSID":"OBJECT.LOCAL-S-1-5-32-544","PrincipalType":"Group","RightName":"WriteDacl","IsInherited":false},{"PrincipalSID":"OBJECT.LOCAL-S-1-5-32-544","PrincipalType":"Group","RightName":"WriteOwner","IsInherited":false},{"PrincipalSID":"OBJECT.LOCAL-S-1-5-32-544","PrincipalType":"Group","RightName":"AllExtendedRights","IsInherited":false},{"PrincipalSID":"OBJECT.LOCAL-S-1-5-32-544","PrincipalType":"Group","RightName":"GenericWrite","IsInherited":false},{"PrincipalSID":"S-1-5-21-4088429403-1159899800-2753317549-512","PrincipalType":"Group","RightName":"WriteDacl","IsInherited":false},{"PrincipalSID":"S-1-5-21-4088429403-1159899800-2753317549-512","PrincipalType":"Group","RightName":"WriteOwner","IsInherited":false},{"PrincipalSID":"S-1-5-21-4088429403-1159899800-2753317549-512","PrincipalType":"Group","RightName":"AllExtendedRights","IsInherited":false},{"PrincipalSID":"S-1-5-21-4088429403-1159899800-2753317549-512","PrincipalType":"Group","RightName":"GenericWrite","IsInherited":false},{"PrincipalSID":"S-1-5-21-4088429403-1159899800-2753317549-519","PrincipalType":"Group","RightName":"WriteDacl","IsInherited":false},{"PrincipalSID":"S-1-5-21-4088429403-1159899800-2753317549-519","PrincipalType":"Group","RightName":"WriteOwner","IsInherited":false},{"PrincipalSID":"S-1-5-21-4088429403-1159899800-2753317549-519","PrincipalType":"Group","RightName":"AllExtendedRights","IsInherited":false},{"PrincipalSID":"S-1-5-21-4088429403-1159899800-2753317549-519","PrincipalType":"Group","RightName":"GenericWrite","IsInherited":false}],"ObjectIdentifier":"S-1-5-21-4088429403-1159899800-2753317549-500","IsDeleted":false,"IsACLProtected":true},{"Properties":{"domain":"OBJECT.LOCAL","name":"KRBTGT@OBJECT.LOCAL","distinguishedname":"CN=KRBTGT,CN=USERS,DC=OBJECT,DC=LOCAL","domainsid":"S-1-5-21-4088429403-1159899800-2753317549","highvalue":false,"samaccountname":"krbtgt","description":"Key Distribution Center Service Account","whencreated":1634765127,"sensitive":false,"dontreqpreauth":false,"passwordnotreqd":false,"unconstraineddelegation":false,"pwdneverexpires":false,"enabled":false,"trustedtoauth":false,"lastlogon":0,"lastlogontimestamp":-1,"pwdlastset":1634790327,"serviceprincipalnames":["kadmin/changepw"],"hasspn":true,"displayname":null,"email":null,"title":null,"homedirectory":null,"userpassword":null,"unixpassword":null,"unicodepassword":null,"sfupassword":null,"logonscript":null,"admincount":true,"sidhistory":[]},"AllowedToDelegate":[],"PrimaryGroupSID":"S-1-5-21-4088429403-1159899800-2753317549-513","HasSIDHistory":[],"SPNTargets":[],"Aces":[{"PrincipalSID":"S-1-5-21-4088429403-1159899800-2753317549-512","PrincipalType":"Group","RightName":"Owns","IsInherited":false},{"PrincipalSID":"OBJECT.LOCAL-S-1-5-32-544","PrincipalType":"Group","RightName":"WriteDacl","IsInherited":false},{"PrincipalSID":"OBJECT.LOCAL-S-1-5-32-544","PrincipalType":"Group","RightName":"WriteOwner","IsInherited":false},{"PrincipalSID":"OBJECT.LOCAL-S-1-5-32-544","PrincipalType":"Group","RightName":"AllExtendedRights","IsInherited":false},{"PrincipalSID":"OBJECT.LOCAL-S-1-5-32-544","PrincipalType":"Group","RightName":"GenericWrite","IsInherited":false},{"PrincipalSID":"S-1-5-21-4088429403-1159899800-2753317549-512","PrincipalType":"Group","RightName":"WriteDacl","IsInherited":false},{"PrincipalSID":"S-1-5-21-4088429403-1159899800-2753317549-512","PrincipalType":"Group","RightName":"WriteOwner","IsInherited":false},{"PrincipalSID":"S-1-5-21-4088429403-1159899800-2753317549-512","PrincipalType":"Group","RightName":"AllExtendedRights","IsInherited":false},{"PrincipalSID":"S-1-5-21-4088429403-1159899800-2753317549-512","PrincipalType":"Group","RightName":"GenericWrite","IsInherited":false},{"PrincipalSID":"S-1-5-21-4088429403-1159899800-2753317549-519","PrincipalType":"Group","RightName":"WriteDacl","IsInherited":false},{"PrincipalSID":"S-1-5-21-4088429403-1159899800-2753317549-519","PrincipalType":"Group","RightName":"WriteOwner","IsInherited":false},{"PrincipalSID":"S-1-5-21-4088429403-1159899800-2753317549-519","PrincipalType":"Group","RightName":"AllExtendedRights","IsInherited":false},{"PrincipalSID":"S-1-5-21-4088429403-1159899800-2753317549-519","PrincipalType":"Group","RightName":"GenericWrite","IsInherited":false}],"ObjectIdentifier":"S-1-5-21-4088429403-1159899800-2753317549-502","IsDeleted":false,"IsACLProtected":true},{"Properties":{"domain":"OBJECT.LOCAL","name":"OLIVER@OBJECT.LOCAL","distinguishedname":"CN=OLIVAR AVA,CN=USERS,DC=OBJECT,DC=LOCAL","domainsid":"S-1-5-21-4088429403-1159899800-2753317549","highvalue":false,"samaccountname":"oliver","description":null,"whencreated":1634766482,"sensitive":false,"dontreqpreauth":false,"passwordnotreqd":false,"unconstraineddelegation":false,"pwdneverexpires":true,"enabled":true,"trustedtoauth":false,"lastlogon":1676660799,"lastlogontimestamp":1676660799,"pwdlastset":1634808192,"serviceprincipalnames":[],"hasspn":false,"displayname":"Olivar Ava","email":null,"title":null,"homedirectory":null,"userpassword":null,"unixpassword":null,"unicodepassword":null,"sfupassword":null,"logonscript":null,"admincount":false,"sidhistory":[]},"AllowedToDelegate":[],"PrimaryGroupSID":"S-1-5-21-4088429403-1159899800-2753317549-513","HasSIDHistory":[],"SPNTargets":[],"Aces":[{"PrincipalSID":"S-1-5-21-4088429403-1159899800-2753317549-512","PrincipalType":"Group","RightName":"Owns","IsInherited":false},{"PrincipalSID":"OBJECT.LOCAL-S-1-5-32-548","PrincipalType":"Group","RightName":"GenericAll","IsInherited":false},{"PrincipalSID":"S-1-5-21-4088429403-1159899800-2753317549-512","PrincipalType":"Group","RightName":"GenericAll","IsInherited":false},{"PrincipalSID":"S-1-5-21-4088429403-1159899800-2753317549-526","PrincipalType":"Group","RightName":"AddKeyCredentialLink","IsInherited":true},{"PrincipalSID":"S-1-5-21-4088429403-1159899800-2753317549-527","PrincipalType":"Group","RightName":"AddKeyCredentialLink","IsInherited":true},{"PrincipalSID":"S-1-5-21-4088429403-1159899800-2753317549-519","PrincipalType":"Group","RightName":"GenericAll","IsInherited":true},{"PrincipalSID":"OBJECT.LOCAL-S-1-5-32-544","PrincipalType":"Group","RightName":"WriteDacl","IsInherited":true},{"PrincipalSID":"OBJECT.LOCAL-S-1-5-32-544","PrincipalType":"Group","RightName":"WriteOwner","IsInherited":true},{"PrincipalSID":"OBJECT.LOCAL-S-1-5-32-544","PrincipalType":"Group","RightName":"AllExtendedRights","IsInherited":true},{"PrincipalSID":"OBJECT.LOCAL-S-1-5-32-544","PrincipalType":"Group","RightName":"GenericWrite","IsInherited":true}],"ObjectIdentifier":"S-1-5-21-4088429403-1159899800-2753317549-1103","IsDeleted":false,"IsACLProtected":false},{"Properties":{"domain":"OBJECT.LOCAL","name":"SMITH@OBJECT.LOCAL","distinguishedname":"CN=SMITH WILLIAM,CN=USERS,DC=OBJECT,DC=LOCAL","domainsid":"S-1-5-21-4088429403-1159899800-2753317549","highvalue":false,"samaccountname":"smith","description":null,"whencreated":0,"sensitive":false,"dontreqpreauth":false,"passwordnotreqd":false,"unconstraineddelegation":false,"pwdneverexpires":false,"enabled":true,"trustedtoauth":false,"lastlogon":-1,"lastlogontimestamp":-1,"pwdlastset":-1,"serviceprincipalnames":[],"hasspn":false,"displayname":"Smith William","email":null,"title":null,"homedirectory":null,"userpassword":null,"unixpassword":null,"unicodepassword":null,"sfupassword":null,"logonscript":null,"admincount":false,"sidhistory":[]},"AllowedToDelegate":[],"PrimaryGroupSID":"S-1-5-21-4088429403-1159899800-2753317549-513","HasSIDHistory":[],"SPNTargets":[],"Aces":[{"PrincipalSID":"S-1-5-21-4088429403-1159899800-2753317549-512","PrincipalType":"Group","RightName":"Owns","IsInherited":false},{"PrincipalSID":"OBJECT.LOCAL-S-1-5-32-548","PrincipalType":"Group","RightName":"GenericAll","IsInherited":false},{"PrincipalSID":"S-1-5-21-4088429403-1159899800-2753317549-512","PrincipalType":"Group","RightName":"GenericAll","IsInherited":false},{"PrincipalSID":"S-1-5-21-4088429403-1159899800-2753317549-1103","PrincipalType":"User","RightName":"ForceChangePassword","IsInherited":false}],"ObjectIdentifier":"S-1-5-21-4088429403-1159899800-2753317549-1104","IsDeleted":false,"IsACLProtected":true},{"Properties":{"domain":"OBJECT.LOCAL","name":"MARIA@OBJECT.LOCAL","distinguishedname":"CN=MARIA GARCIA,CN=USERS,DC=OBJECT,DC=LOCAL","domainsid":"S-1-5-21-4088429403-1159899800-2753317549","highvalue":false,"samaccountname":"maria","description":null,"whencreated":1634850992,"sensitive":false,"dontreqpreauth":false,"passwordnotreqd":false,"unconstraineddelegation":false,"pwdneverexpires":true,"enabled":true,"trustedtoauth":false,"lastlogon":1676660797,"lastlogontimestamp":1676660797,"pwdlastset":1634876192,"serviceprincipalnames":[],"hasspn":false,"displayname":"maria garcia","email":null,"title":null,"homedirectory":null,"userpassword":null,"unixpassword":null,"unicodepassword":null,"sfupassword":null,"logonscript":null,"admincount":false,"sidhistory":[]},"AllowedToDelegate":[],"PrimaryGroupSID":"S-1-5-21-4088429403-1159899800-2753317549-513","HasSIDHistory":[],"SPNTargets":[],"Aces":[{"PrincipalSID":"S-1-5-21-4088429403-1159899800-2753317549-512","PrincipalType":"Group","RightName":"Owns","IsInherited":false},{"PrincipalSID":"OBJECT.LOCAL-S-1-5-32-548","PrincipalType":"Group","RightName":"GenericAll","IsInherited":false},{"PrincipalSID":"S-1-5-21-4088429403-1159899800-2753317549-512","PrincipalType":"Group","RightName":"GenericAll","IsInherited":false},{"PrincipalSID":"S-1-5-21-4088429403-1159899800-2753317549-1104","PrincipalType":"User","RightName":"GenericWrite","IsInherited":false},{"PrincipalSID":"S-1-5-21-4088429403-1159899800-2753317549-526","PrincipalType":"Group","RightName":"AddKeyCredentialLink","IsInherited":true},{"PrincipalSID":"S-1-5-21-4088429403-1159899800-2753317549-527","PrincipalType":"Group","RightName":"AddKeyCredentialLink","IsInherited":true},{"PrincipalSID":"S-1-5-21-4088429403-1159899800-2753317549-519","PrincipalType":"Group","RightName":"GenericAll","IsInherited":true},{"PrincipalSID":"OBJECT.LOCAL-S-1-5-32-544","PrincipalType":"Group","RightName":"WriteDacl","IsInherited":true},{"PrincipalSID":"OBJECT.LOCAL-S-1-5-32-544","PrincipalType":"Group","RightName":"WriteOwner","IsInherited":true},{"PrincipalSID":"OBJECT.LOCAL-S-1-5-32-544","PrincipalType":"Group","RightName":"AllExtendedRights","IsInherited":true},{"PrincipalSID":"OBJECT.LOCAL-S-1-5-32-544","PrincipalType":"Group","RightName":"GenericWrite","IsInherited":true}],"ObjectIdentifier":"S-1-5-21-4088429403-1159899800-2753317549-1106","IsDeleted":false,"IsACLProtected":false},{"Properties":{"domain":"OBJECT.LOCAL","name":"GUEST@OBJECT.LOCAL","distinguishedname":"CN=GUEST,CN=USERS,DC=OBJECT,DC=LOCAL","domainsid":"S-1-5-21-4088429403-1159899800-2753317549","highvalue":false,"samaccountname":"Guest","description":"Built-in account for guest access to the computer/domain","whencreated":1634765069,"sensitive":false,"dontreqpreauth":false,"passwordnotreqd":true,"unconstraineddelegation":false,"pwdneverexpires":true,"enabled":false,"trustedtoauth":false,"lastlogon":0,"lastlogontimestamp":-1,"pwdlastset":0,"serviceprincipalnames":[],"hasspn":false,"displayname":null,"email":null,"title":null,"homedirectory":null,"userpassword":null,"unixpassword":null,"unicodepassword":null,"sfupassword":null,"logonscript":null,"admincount":false,"sidhistory":[]},"AllowedToDelegate":[],"PrimaryGroupSID":"S-1-5-21-4088429403-1159899800-2753317549-514","HasSIDHistory":[],"SPNTargets":[],"Aces":[{"PrincipalSID":"OBJECT.LOCAL-S-1-5-32-544","PrincipalType":"Group","RightName":"Owns","IsInherited":false},{"PrincipalSID":"OBJECT.LOCAL-S-1-5-32-548","PrincipalType":"Group","RightName":"GenericAll","IsInherited":false},{"PrincipalSID":"S-1-5-21-4088429403-1159899800-2753317549-512","PrincipalType":"Group","RightName":"GenericAll","IsInherited":false},{"PrincipalSID":"S-1-5-21-4088429403-1159899800-2753317549-526","PrincipalType":"Group","RightName":"AddKeyCredentialLink","IsInherited":true},{"PrincipalSID":"S-1-5-21-4088429403-1159899800-2753317549-527","PrincipalType":"Group","RightName":"AddKeyCredentialLink","IsInherited":true},{"PrincipalSID":"S-1-5-21-4088429403-1159899800-2753317549-519","PrincipalType":"Group","RightName":"GenericAll","IsInherited":true},{"PrincipalSID":"OBJECT.LOCAL-S-1-5-32-544","PrincipalType":"Group","RightName":"WriteDacl","IsInherited":true},{"PrincipalSID":"OBJECT.LOCAL-S-1-5-32-544","PrincipalType":"Group","RightName":"WriteOwner","IsInherited":true},{"PrincipalSID":"OBJECT.LOCAL-S-1-5-32-544","PrincipalType":"Group","RightName":"AllExtendedRights","IsInherited":true},{"PrincipalSID":"OBJECT.LOCAL-S-1-5-32-544","PrincipalType":"Group","RightName":"GenericWrite","IsInherited":true}],"ObjectIdentifier":"S-1-5-21-4088429403-1159899800-2753317549-501","IsDeleted":false,"IsACLProtected":false}],"meta":{"methods":29695,"type":"users","count":6,"version":5}}