﻿{"data":[{"GPOChanges":{"LocalAdmins":[],"RemoteDesktopUsers":[],"DcomUsers":[],"PSRemoteUsers":[],"AffectedComputers":[{"ObjectIdentifier":"S-1-5-21-4088429403-1159899800-2753317549-1000","ObjectType":"Computer"}]},"Properties":{"domain":"OBJECT.LOCAL","name":"OBJECT.LOCAL","distinguishedname":"DC=OBJECT,DC=LOCAL","domainsid":"S-1-5-21-4088429403-1159899800-2753317549","highvalue":true,"description":null,"whencreated":1634765057,"functionallevel":"2016"},"ChildObjects":[{"ObjectIdentifier":"864D73A8-11DC-4AE4-B97C-47CF184FB5BE","ObjectType":"Container"},{"ObjectIdentifier":"A66B3A78-610A-4958-8E3D-AE5AFBCAC112","ObjectType":"OU"},{"ObjectIdentifier":"C864B7B2-1762-4430-9EC3-A8E280EBB2A8","ObjectType":"Container"},{"ObjectIdentifier":"4A2E7B16-1C52-4183-9F2B-793FD897BF4B","ObjectType":"Container"},{"ObjectIdentifier":"1A88FCD4-63DA-4918-A3ED-7045E3CEBD0D","ObjectType":"Container"}],"Trusts":[],"Links":[{"IsEnforced":false,"GUID":"8DBA4CCE-62DE-4EBB-BCDE-93845D21364D"}],"Aces":[{"PrincipalSID":"OBJECT.LOCAL-S-1-5-32-544","PrincipalType":"Group","RightName":"Owns","IsInherited":false},{"PrincipalSID":"OBJECT.LOCAL-S-1-5-32-544","PrincipalType":"Group","RightName":"WriteDacl","IsInherited":false},{"PrincipalSID":"OBJECT.LOCAL-S-1-5-32-544","PrincipalType":"Group","RightName":"WriteOwner","IsInherited":false},{"PrincipalSID":"OBJECT.LOCAL-S-1-5-32-544","PrincipalType":"Group","RightName":"AllExtendedRights","IsInherited":false},{"PrincipalSID":"S-1-5-21-4088429403-1159899800-2753317549-512","PrincipalType":"Group","RightName":"WriteDacl","IsInherited":false},{"PrincipalSID":"S-1-5-21-4088429403-1159899800-2753317549-512","PrincipalType":"Group","RightName":"WriteOwner","IsInherited":false},{"PrincipalSID":"S-1-5-21-4088429403-1159899800-2753317549-512","PrincipalType":"Group","RightName":"AllExtendedRights","IsInherited":false},{"PrincipalSID":"S-1-5-21-4088429403-1159899800-2753317549-519","PrincipalType":"Group","RightName":"GenericAll","IsInherited":false},{"PrincipalSID":"OBJECT.LOCAL-S-1-5-9","PrincipalType":"Group","RightName":"GetChanges","IsInherited":false},{"PrincipalSID":"OBJECT.LOCAL-S-1-5-9","PrincipalType":"Group","RightName":"GetChangesInFilteredSet","IsInherited":false},{"PrincipalSID":"OBJECT.LOCAL-S-1-5-32-544","PrincipalType":"Group","RightName":"GetChangesInFilteredSet","IsInherited":false},{"PrincipalSID":"OBJECT.LOCAL-S-1-5-32-544","PrincipalType":"Group","RightName":"GetChangesAll","IsInherited":false},{"PrincipalSID":"OBJECT.LOCAL-S-1-5-32-544","PrincipalType":"Group","RightName":"GetChanges","IsInherited":false},{"PrincipalSID":"S-1-5-21-4088429403-1159899800-2753317549-498","PrincipalType":"Group","RightName":"GetChanges","IsInherited":false},{"PrincipalSID":"S-1-5-21-4088429403-1159899800-2753317549-516","PrincipalType":"Group","RightName":"GetChangesAll","IsInherited":false}],"ObjectIdentifier":"S-1-5-21-4088429403-1159899800-2753317549","IsDeleted":false,"IsACLProtected":false}],"meta":{"methods":29695,"type":"domains","count":1,"version":5}}