﻿{"data":[{"Properties":{"domain":"OBJECT.LOCAL","name":"JENKINS.OBJECT.LOCAL","distinguishedname":"CN=JENKINS,OU=DOMAIN CONTROLLERS,DC=OBJECT,DC=LOCAL","domainsid":"S-1-5-21-4088429403-1159899800-2753317549","highvalue":false,"samaccountname":"JENKINS$","haslaps":false,"description":null,"whencreated":1634765127,"enabled":true,"unconstraineddelegation":true,"trustedtoauth":false,"lastlogon":1676660795,"lastlogontimestamp":1676660776,"pwdlastset":1676660754,"serviceprincipalnames":["ldap/JENKINS/ForestDnsZones.object.local","ldap/jenkins.object.local/ForestDnsZones.object.local","ldap/WIN-LR8T2EF8VHM/ForestDnsZones.object.local","ldap/WIN-LR8T2EF8VHM/DomainDnsZones.object.local","ldap/JENKINS/DomainDnsZones.object.local","ldap/jenkins.object.local/DomainDnsZones.object.local","Dfsr-12F9A27C-BF97-4787-9364-D31B6C55EB04/jenkins.object.local","HOST/WIN-LR8T2EF8VHM/object.local","ldap/WIN-LR8T2EF8VHM/OBJECT","GC/JENKINS/object.local","HOST/WIN-LR8T2EF8VHM/OBJECT","ldap/WIN-LR8T2EF8VHM/object.local","GC/WIN-LR8T2EF8VHM/object.local","ldap/JENKINS/object.local","HOST/JENKINS/object.local","RestrictedKrbHost/WIN-LR8T2EF8VHM","HOST/WIN-LR8T2EF8VHM","ldap/WIN-LR8T2EF8VHM","HOST/JENKINS/OBJECT","ldap/JENKINS/OBJECT","DNS/jenkins.object.local","GC/jenkins.object.local/object.local","RestrictedKrbHost/jenkins.object.local","RestrictedKrbHost/JENKINS","HOST/jenkins.object.local/OBJECT","HOST/JENKINS","HOST/jenkins.object.local","HOST/jenkins.object.local/object.local","ldap/jenkins.object.local/OBJECT","ldap/JENKINS","ldap/jenkins.object.local","ldap/jenkins.object.local/object.local","RPC/20620d5f-c8cd-4abd-9c82-2287112869e8._msdcs.object.local","E3514235-4B06-11D1-AB04-00C04FC2DCD2/20620d5f-c8cd-4abd-9c82-2287112869e8/object.local","ldap/20620d5f-c8cd-4abd-9c82-2287112869e8._msdcs.object.local"],"operatingsystem":"Windows Server 2019 Standard","sidhistory":[]},"PrimaryGroupSID":"S-1-5-21-4088429403-1159899800-2753317549-516","AllowedToDelegate":[],"AllowedToAct":[],"HasSIDHistory":[],"Sessions":{"Results":[],"Collected":false,"FailureReason":"ERROR_ACCESS_DENIED"},"PrivilegedSessions":{"Results":[],"Collected":false,"FailureReason":"ERROR_ACCESS_DENIED"},"RegistrySessions":{"Results":[{"UserSID":"S-1-5-21-4088429403-1159899800-2753317549-1103","ComputerSID":"S-1-5-21-4088429403-1159899800-2753317549-1000"},{"UserSID":"S-1-5-21-4088429403-1159899800-2753317549-1106","ComputerSID":"S-1-5-21-4088429403-1159899800-2753317549-1000"},{"UserSID":"S-1-5-21-4088429403-1159899800-2753317549-500","ComputerSID":"S-1-5-21-4088429403-1159899800-2753317549-1000"}],"Collected":true,"FailureReason":null},"LocalAdmins":{"Results":[{"ObjectIdentifier":"S-1-5-21-4088429403-1159899800-2753317549-500","ObjectType":"User"},{"ObjectIdentifier":"S-1-5-21-4088429403-1159899800-2753317549-519","ObjectType":"Group"},{"ObjectIdentifier":"S-1-5-21-4088429403-1159899800-2753317549-512","ObjectType":"Group"}],"Collected":true,"FailureReason":null},"RemoteDesktopUsers":{"Results":[],"Collected":true,"FailureReason":null},"DcomUsers":{"Results":[],"Collected":true,"FailureReason":null},"PSRemoteUsers":{"Results":[{"ObjectIdentifier":"S-1-5-21-4088429403-1159899800-2753317549-1103","ObjectType":"User"},{"ObjectIdentifier":"S-1-5-21-4088429403-1159899800-2753317549-1104","ObjectType":"User"},{"ObjectIdentifier":"S-1-5-21-4088429403-1159899800-2753317549-1106","ObjectType":"User"}],"Collected":true,"FailureReason":null},"Status":null,"Aces":[{"PrincipalSID":"S-1-5-21-4088429403-1159899800-2753317549-512","PrincipalType":"Group","RightName":"Owns","IsInherited":false},{"PrincipalSID":"S-1-5-21-4088429403-1159899800-2753317549-512","PrincipalType":"Group","RightName":"GenericAll","IsInherited":false},{"PrincipalSID":"S-1-5-21-4088429403-1159899800-2753317549-526","PrincipalType":"Group","RightName":"AddKeyCredentialLink","IsInherited":true},{"PrincipalSID":"S-1-5-21-4088429403-1159899800-2753317549-527","PrincipalType":"Group","RightName":"AddKeyCredentialLink","IsInherited":true},{"PrincipalSID":"S-1-5-21-4088429403-1159899800-2753317549-519","PrincipalType":"Group","RightName":"GenericAll","IsInherited":true},{"PrincipalSID":"OBJECT.LOCAL-S-1-5-32-544","PrincipalType":"Group","RightName":"WriteDacl","IsInherited":true},{"PrincipalSID":"OBJECT.LOCAL-S-1-5-32-544","PrincipalType":"Group","RightName":"WriteOwner","IsInherited":true},{"PrincipalSID":"OBJECT.LOCAL-S-1-5-32-544","PrincipalType":"Group","RightName":"GenericWrite","IsInherited":true}],"ObjectIdentifier":"S-1-5-21-4088429403-1159899800-2753317549-1000","IsDeleted":false,"IsACLProtected":false}],"meta":{"methods":29695,"type":"computers","count":1,"version":5}}