{"data":[{"ObjectIdentifier": "94859439-7C6F-46DA-AB6E-87C917A70627", "Properties": {"domain": "ABSOLUTE.HTB", "name": "WMIGPO@ABSOLUTE.HTB", "distinguishedname": "CN=WMIGPO,CN=WMIPOLICY,CN=SYSTEM,DC=ABSOLUTE,DC=HTB", "domainsid": "S-1-5-21-4078382237-1492182817-2568127209", "highvalue": false, "description": "", "whencreated": 1654762578}, "IsDeleted": false, "IsACLProtected": false, "Aces": [{"RightName": "Owns", "IsInherited": false, "PrincipalSID": "S-1-5-21-4078382237-1492182817-2568127209-512", "PrincipalType": "Group"}, {"RightName": "WriteOwner", "IsInherited": false, "PrincipalSID": "S-1-5-21-4078382237-1492182817-2568127209-512", "PrincipalType": "Group"}, {"RightName": "WriteDacl", "IsInherited": false, "PrincipalSID": "S-1-5-21-4078382237-1492182817-2568127209-512", "PrincipalType": "Group"}, {"RightName": "GenericAll", "IsInherited": true, "PrincipalSID": "S-1-5-21-4078382237-1492182817-2568127209-519", "PrincipalType": "Group"}, {"RightName": "GenericAll", "IsInherited": true, "PrincipalSID": "S-1-5-21-4078382237-1492182817-2568127209-512", "PrincipalType": "Group"}], "ChildObjects": []},{"ObjectIdentifier": "D6DDFDE2-0148-4D5B-8504-8237EB5C2FBC", "Properties": {"domain": "ABSOLUTE.HTB", "name": "POLICYTYPE@ABSOLUTE.HTB", "distinguishedname": "CN=POLICYTYPE,CN=WMIPOLICY,CN=SYSTEM,DC=ABSOLUTE,DC=HTB", "domainsid": "S-1-5-21-4078382237-1492182817-2568127209", "highvalue": false, "description": "", "whencreated": 1654762578}, "IsDeleted": false, "IsACLProtected": false, "Aces": [{"RightName": "Owns", "IsInherited": false, "PrincipalSID": "S-1-5-21-4078382237-1492182817-2568127209-512", "PrincipalType": "Group"}, {"RightName": "WriteOwner", "IsInherited": false, "PrincipalSID": "S-1-5-21-4078382237-1492182817-2568127209-512", "PrincipalType": "Group"}, {"RightName": "WriteDacl", "IsInherited": false, "PrincipalSID": "S-1-5-21-4078382237-1492182817-2568127209-512", "PrincipalType": "Group"}, {"RightName": "GenericAll", "IsInherited": true, "PrincipalSID": "S-1-5-21-4078382237-1492182817-2568127209-519", "PrincipalType": "Group"}, {"RightName": "GenericAll", "IsInherited": true, "PrincipalSID": "S-1-5-21-4078382237-1492182817-2568127209-512", "PrincipalType": "Group"}], "ChildObjects": []},{"ObjectIdentifier": "70DBAC36-44F3-42A2-BEBA-74BE43FA204E", "Properties": {"domain": "ABSOLUTE.HTB", "name": "SOM@ABSOLUTE.HTB", "distinguishedname": "CN=SOM,CN=WMIPOLICY,CN=SYSTEM,DC=ABSOLUTE,DC=HTB", "domainsid": "S-1-5-21-4078382237-1492182817-2568127209", "highvalue": false, "description": "", "whencreated": 1654762578}, "IsDeleted": false, "IsACLProtected": true, "Aces": [{"RightName": "Owns", "IsInherited": false, "PrincipalSID": "S-1-5-21-4078382237-1492182817-2568127209-512", "PrincipalType": "Group"}, {"RightName": "GenericAll", "IsInherited": false, "PrincipalSID": "S-1-5-21-4078382237-1492182817-2568127209-512", "PrincipalType": "Group"}, {"RightName": "GenericAll", "IsInherited": false, "PrincipalSID": "S-1-5-21-4078382237-1492182817-2568127209-519", "PrincipalType": "Group"}], "ChildObjects": []},{"ObjectIdentifier": "EEC30989-B91D-4024-A1EA-2BA9255D8C87", "Properties": {"domain": "ABSOLUTE.HTB", "name": "POLICYTEMPLATE@ABSOLUTE.HTB", "distinguishedname": "CN=POLICYTEMPLATE,CN=WMIPOLICY,CN=SYSTEM,DC=ABSOLUTE,DC=HTB", "domainsid": "S-1-5-21-4078382237-1492182817-2568127209", "highvalue": false, "description": "", "whencreated": 1654762578}, "IsDeleted": false, "IsACLProtected": false, "Aces": [{"RightName": "Owns", "IsInherited": false, "PrincipalSID": "S-1-5-21-4078382237-1492182817-2568127209-512", "PrincipalType": "Group"}, {"RightName": "WriteOwner", "IsInherited": false, "PrincipalSID": "S-1-5-21-4078382237-1492182817-2568127209-512", "PrincipalType": "Group"}, {"RightName": "WriteDacl", "IsInherited": false, "PrincipalSID": "S-1-5-21-4078382237-1492182817-2568127209-512", "PrincipalType": "Group"}, {"RightName": "GenericAll", "IsInherited": true, "PrincipalSID": "S-1-5-21-4078382237-1492182817-2568127209-519", "PrincipalType": "Group"}, {"RightName": "GenericAll", "IsInherited": true, "PrincipalSID": "S-1-5-21-4078382237-1492182817-2568127209-512", "PrincipalType": "Group"}], "ChildObjects": []},{"ObjectIdentifier": "93E32F6C-2EC8-4036-AFF4-0210B6D6DDAF", "Properties": {"domain": "ABSOLUTE.HTB", "name": "WMIPOLICY@ABSOLUTE.HTB", "distinguishedname": "CN=WMIPOLICY,CN=SYSTEM,DC=ABSOLUTE,DC=HTB", "domainsid": "S-1-5-21-4078382237-1492182817-2568127209", "highvalue": false, "description": "", "whencreated": 1654762578}, "IsDeleted": false, "IsACLProtected": true, "Aces": [{"RightName": "Owns", "IsInherited": false, "PrincipalSID": "S-1-5-21-4078382237-1492182817-2568127209-512", "PrincipalType": "Group"}, {"RightName": "GenericAll", "IsInherited": false, "PrincipalSID": "S-1-5-21-4078382237-1492182817-2568127209-519", "PrincipalType": "Group"}, {"RightName": "GenericAll", "IsInherited": false, "PrincipalSID": "S-1-5-21-4078382237-1492182817-2568127209-512", "PrincipalType": "Group"}], "ChildObjects": []},{"ObjectIdentifier": "A2CD852A-5BC7-487D-B8A5-931AC9DB0472", "Properties": {"domain": "ABSOLUTE.HTB", "name": "COMPARTITIONSETS@ABSOLUTE.HTB", "distinguishedname": "CN=COMPARTITIONSETS,CN=SYSTEM,DC=ABSOLUTE,DC=HTB", "domainsid": "S-1-5-21-4078382237-1492182817-2568127209", "highvalue": false, "description": "", "whencreated": 1654762578}, "IsDeleted": false, "IsACLProtected": false, "Aces": [{"RightName": "Owns", "IsInherited": false, "PrincipalSID": "S-1-5-21-4078382237-1492182817-2568127209-512", "PrincipalType": "Group"}, {"RightName": "WriteOwner", "IsInherited": false, "PrincipalSID": "S-1-5-21-4078382237-1492182817-2568127209-512", "PrincipalType": "Group"}, {"RightName": "WriteDacl", "IsInherited": false, "PrincipalSID": "S-1-5-21-4078382237-1492182817-2568127209-512", "PrincipalType": "Group"}, {"RightName": "GenericAll", "IsInherited": true, "PrincipalSID": "S-1-5-21-4078382237-1492182817-2568127209-519", "PrincipalType": "Group"}, {"RightName": "WriteOwner", "IsInherited": true, "PrincipalSID": "ABSOLUTE.HTB-S-1-5-32-544", "PrincipalType": "Group"}, {"RightName": "WriteDacl", "IsInherited": true, "PrincipalSID": "ABSOLUTE.HTB-S-1-5-32-544", "PrincipalType": "Group"}], "ChildObjects": []},{"ObjectIdentifier": "887E5DA5-992C-4E6D-A704-37A32BDAC1D3", "Properties": {"domain": "ABSOLUTE.HTB", "name": "COMPARTITIONS@ABSOLUTE.HTB", "distinguishedname": "CN=COMPARTITIONS,CN=SYSTEM,DC=ABSOLUTE,DC=HTB", "domainsid": "S-1-5-21-4078382237-1492182817-2568127209", "highvalue": false, "description": "", "whencreated": 1654762578}, "IsDeleted": false, "IsACLProtected": false, "Aces": [{"RightName": "Owns", "IsInherited": false, "PrincipalSID": "S-1-5-21-4078382237-1492182817-2568127209-512", "PrincipalType": "Group"}, {"RightName": "WriteOwner", "IsInherited": false, "PrincipalSID": "S-1-5-21-4078382237-1492182817-2568127209-512", "PrincipalType": "Group"}, {"RightName": "WriteDacl", "IsInherited": false, "PrincipalSID": "S-1-5-21-4078382237-1492182817-2568127209-512", "PrincipalType": "Group"}, {"RightName": "GenericAll", "IsInherited": true, "PrincipalSID": "S-1-5-21-4078382237-1492182817-2568127209-519", "PrincipalType": "Group"}, {"RightName": "WriteOwner", "IsInherited": true, "PrincipalSID": "ABSOLUTE.HTB-S-1-5-32-544", "PrincipalType": "Group"}, {"RightName": "WriteDacl", "IsInherited": true, "PrincipalSID": "ABSOLUTE.HTB-S-1-5-32-544", "PrincipalType": "Group"}], "ChildObjects": []},{"ObjectIdentifier": "137EE5A0-6A10-48DA-A7F8-4F58B499A631", "Properties": {"domain": "ABSOLUTE.HTB", "name": "ADMINSDHOLDER@ABSOLUTE.HTB", "distinguishedname": "CN=ADMINSDHOLDER,CN=SYSTEM,DC=ABSOLUTE,DC=HTB", "domainsid": "S-1-5-21-4078382237-1492182817-2568127209", "highvalue": false, "description": "", "whencreated": 1654762578}, "IsDeleted": false, "IsACLProtected": true, "Aces": [{"RightName": "Owns", "IsInherited": false, "PrincipalSID": "S-1-5-21-4078382237-1492182817-2568127209-512", "PrincipalType": "Group"}, {"RightName": "WriteOwner", "IsInherited": false, "PrincipalSID": "S-1-5-21-4078382237-1492182817-2568127209-512", "PrincipalType": "Group"}, {"RightName": "WriteDacl", "IsInherited": false, "PrincipalSID": "S-1-5-21-4078382237-1492182817-2568127209-512", "PrincipalType": "Group"}, {"RightName": "WriteOwner", "IsInherited": false, "PrincipalSID": "S-1-5-21-4078382237-1492182817-2568127209-519", "PrincipalType": "Group"}, {"RightName": "WriteDacl", "IsInherited": false, "PrincipalSID": "S-1-5-21-4078382237-1492182817-2568127209-519", "PrincipalType": "Group"}, {"RightName": "WriteOwner", "IsInherited": false, "PrincipalSID": "ABSOLUTE.HTB-S-1-5-32-544", "PrincipalType": "Group"}, {"RightName": "WriteDacl", "IsInherited": false, "PrincipalSID": "ABSOLUTE.HTB-S-1-5-32-544", "PrincipalType": "Group"}], "ChildObjects": []},{"ObjectIdentifier": "8AA56C3C-5831-497E-B273-1680063E9337", "Properties": {"domain": "ABSOLUTE.HTB", "name": "RAS AND IAS SERVERS ACCESS CHECK@ABSOLUTE.HTB", "distinguishedname": "CN=RAS AND IAS SERVERS ACCESS CHECK,CN=SYSTEM,DC=ABSOLUTE,DC=HTB", "domainsid": "S-1-5-21-4078382237-1492182817-2568127209", "highvalue": false, "description": "", "whencreated": 1654762578}, "IsDeleted": false, "IsACLProtected": false, "Aces": [{"RightName": "Owns", "IsInherited": false, "PrincipalSID": "S-1-5-21-4078382237-1492182817-2568127209-512", "PrincipalType": "Group"}, {"RightName": "WriteOwner", "IsInherited": false, "PrincipalSID": "S-1-5-21-4078382237-1492182817-2568127209-553", "PrincipalType": "Group"}, {"RightName": "WriteDacl", "IsInherited": false, "PrincipalSID": "S-1-5-21-4078382237-1492182817-2568127209-553", "PrincipalType": "Group"}, {"RightName": "GenericAll", "IsInherited": true, "PrincipalSID": "S-1-5-21-4078382237-1492182817-2568127209-519", "PrincipalType": "Group"}, {"RightName": "WriteOwner", "IsInherited": true, "PrincipalSID": "ABSOLUTE.HTB-S-1-5-32-544", "PrincipalType": "Group"}, {"RightName": "WriteDacl", "IsInherited": true, "PrincipalSID": "ABSOLUTE.HTB-S-1-5-32-544", "PrincipalType": "Group"}], "ChildObjects": []},{"ObjectIdentifier": "BD55596E-8EE9-4FBC-8EEA-2E17A763C8D9", "Properties": {"domain": "ABSOLUTE.HTB", "name": "POLICIES@ABSOLUTE.HTB", "distinguishedname": "CN=POLICIES,CN=SYSTEM,DC=ABSOLUTE,DC=HTB", "domainsid": "S-1-5-21-4078382237-1492182817-2568127209", "highvalue": false, "description": "", "whencreated": 1654762578}, "IsDeleted": false, "IsACLProtected": false, "Aces": [{"RightName": "Owns", "IsInherited": false, "PrincipalSID": "S-1-5-21-4078382237-1492182817-2568127209-512", "PrincipalType": "Group"}, {"RightName": "WriteOwner", "IsInherited": false, "PrincipalSID": "S-1-5-21-4078382237-1492182817-2568127209-512", "PrincipalType": "Group"}, {"RightName": "WriteDacl", "IsInherited": false, "PrincipalSID": "S-1-5-21-4078382237-1492182817-2568127209-512", "PrincipalType": "Group"}, {"RightName": "GenericAll", "IsInherited": true, "PrincipalSID": "S-1-5-21-4078382237-1492182817-2568127209-519", "PrincipalType": "Group"}, {"RightName": "WriteOwner", "IsInherited": true, "PrincipalSID": "ABSOLUTE.HTB-S-1-5-32-544", "PrincipalType": "Group"}, {"RightName": "WriteDacl", "IsInherited": true, "PrincipalSID": "ABSOLUTE.HTB-S-1-5-32-544", "PrincipalType": "Group"}], "ChildObjects": []},{"ObjectIdentifier": "956AC51E-8541-4FEA-A399-4A5E401BE253", "Properties": {"domain": "ABSOLUTE.HTB", "name": "MEETINGS@ABSOLUTE.HTB", "distinguishedname": "CN=MEETINGS,CN=SYSTEM,DC=ABSOLUTE,DC=HTB", "domainsid": "S-1-5-21-4078382237-1492182817-2568127209", "highvalue": false, "description": "", "whencreated": 1654762578}, "IsDeleted": false, "IsACLProtected": false, "Aces": [{"RightName": "Owns", "IsInherited": false, "PrincipalSID": "S-1-5-21-4078382237-1492182817-2568127209-512", "PrincipalType": "Group"}, {"RightName": "WriteOwner", "IsInherited": false, "PrincipalSID": "S-1-5-21-4078382237-1492182817-2568127209-512", "PrincipalType": "Group"}, {"RightName": "WriteDacl", "IsInherited": false, "PrincipalSID": "S-1-5-21-4078382237-1492182817-2568127209-512", "PrincipalType": "Group"}, {"RightName": "GenericAll", "IsInherited": true, "PrincipalSID": "S-1-5-21-4078382237-1492182817-2568127209-519", "PrincipalType": "Group"}, {"RightName": "WriteOwner", "IsInherited": true, "PrincipalSID": "ABSOLUTE.HTB-S-1-5-32-544", "PrincipalType": "Group"}, {"RightName": "WriteDacl", "IsInherited": true, "PrincipalSID": "ABSOLUTE.HTB-S-1-5-32-544", "PrincipalType": "Group"}], "ChildObjects": []},{"ObjectIdentifier": "EC91B167-ACE3-4D12-9BCF-EF7D694166C4", "Properties": {"domain": "ABSOLUTE.HTB", "name": "WINSOCKSERVICES@ABSOLUTE.HTB", "distinguishedname": "CN=WINSOCKSERVICES,CN=SYSTEM,DC=ABSOLUTE,DC=HTB", "domainsid": "S-1-5-21-4078382237-1492182817-2568127209", "highvalue": false, "description": "", "whencreated": 1654762578}, "IsDeleted": false, "IsACLProtected": false, "Aces": [{"RightName": "Owns", "IsInherited": false, "PrincipalSID": "S-1-5-21-4078382237-1492182817-2568127209-512", "PrincipalType": "Group"}, {"RightName": "WriteOwner", "IsInherited": false, "PrincipalSID": "S-1-5-21-4078382237-1492182817-2568127209-512", "PrincipalType": "Group"}, {"RightName": "WriteDacl", "IsInherited": false, "PrincipalSID": "S-1-5-21-4078382237-1492182817-2568127209-512", "PrincipalType": "Group"}, {"RightName": "GenericAll", "IsInherited": true, "PrincipalSID": "S-1-5-21-4078382237-1492182817-2568127209-519", "PrincipalType": "Group"}, {"RightName": "WriteOwner", "IsInherited": true, "PrincipalSID": "ABSOLUTE.HTB-S-1-5-32-544", "PrincipalType": "Group"}, {"RightName": "WriteDacl", "IsInherited": true, "PrincipalSID": "ABSOLUTE.HTB-S-1-5-32-544", "PrincipalType": "Group"}], "ChildObjects": []},{"ObjectIdentifier": "9CB86EB1-E83C-45EE-B4CD-06850F41CFAD", "Properties": {"domain": "ABSOLUTE.HTB", "name": "MANAGED SERVICE ACCOUNTS@ABSOLUTE.HTB", "distinguishedname": "CN=MANAGED SERVICE ACCOUNTS,DC=ABSOLUTE,DC=HTB", "domainsid": "S-1-5-21-4078382237-1492182817-2568127209", "highvalue": false, "description": "Default container for managed service accounts", "whencreated": 1654762578}, "IsDeleted": false, "IsACLProtected": false, "Aces": [{"RightName": "Owns", "IsInherited": false, "PrincipalSID": "S-1-5-21-4078382237-1492182817-2568127209-512", "PrincipalType": "Group"}, {"RightName": "WriteOwner", "IsInherited": false, "PrincipalSID": "S-1-5-21-4078382237-1492182817-2568127209-512", "PrincipalType": "Group"}, {"RightName": "WriteDacl", "IsInherited": false, "PrincipalSID": "S-1-5-21-4078382237-1492182817-2568127209-512", "PrincipalType": "Group"}, {"RightName": "GenericAll", "IsInherited": true, "PrincipalSID": "S-1-5-21-4078382237-1492182817-2568127209-519", "PrincipalType": "Group"}, {"RightName": "WriteOwner", "IsInherited": true, "PrincipalSID": "ABSOLUTE.HTB-S-1-5-32-544", "PrincipalType": "Group"}, {"RightName": "WriteDacl", "IsInherited": true, "PrincipalSID": "ABSOLUTE.HTB-S-1-5-32-544", "PrincipalType": "Group"}], "ChildObjects": []},{"ObjectIdentifier": "8EA793F1-0A42-4AE8-AF2B-10C024C8A1E8", "Properties": {"domain": "ABSOLUTE.HTB", "name": "MICROSOFT@ABSOLUTE.HTB", "distinguishedname": "CN=MICROSOFT,CN=PROGRAM DATA,DC=ABSOLUTE,DC=HTB", "domainsid": "S-1-5-21-4078382237-1492182817-2568127209", "highvalue": false, "description": "Default location for storage of Microsoft application data.", "whencreated": 1654762578}, "IsDeleted": false, "IsACLProtected": false, "Aces": [{"RightName": "Owns", "IsInherited": false, "PrincipalSID": "S-1-5-21-4078382237-1492182817-2568127209-512", "PrincipalType": "Group"}, {"RightName": "GenericAll", "IsInherited": false, "PrincipalSID": "S-1-5-21-4078382237-1492182817-2568127209-512", "PrincipalType": "Group"}, {"RightName": "GenericAll", "IsInherited": true, "PrincipalSID": "S-1-5-21-4078382237-1492182817-2568127209-519", "PrincipalType": "Group"}, {"RightName": "WriteOwner", "IsInherited": true, "PrincipalSID": "ABSOLUTE.HTB-S-1-5-32-544", "PrincipalType": "Group"}, {"RightName": "WriteDacl", "IsInherited": true, "PrincipalSID": "ABSOLUTE.HTB-S-1-5-32-544", "PrincipalType": "Group"}], "ChildObjects": []},{"ObjectIdentifier": "9E6AAB05-2AA6-4A0D-A07F-BAEA683EA25E", "Properties": {"domain": "ABSOLUTE.HTB", "name": "PROGRAM DATA@ABSOLUTE.HTB", "distinguishedname": "CN=PROGRAM DATA,DC=ABSOLUTE,DC=HTB", "domainsid": "S-1-5-21-4078382237-1492182817-2568127209", "highvalue": false, "description": "Default location for storage of application data.", "whencreated": 1654762578}, "IsDeleted": false, "IsACLProtected": false, "Aces": [{"RightName": "Owns", "IsInherited": false, "PrincipalSID": "S-1-5-21-4078382237-1492182817-2568127209-512", "PrincipalType": "Group"}, {"RightName": "GenericAll", "IsInherited": false, "PrincipalSID": "S-1-5-21-4078382237-1492182817-2568127209-512", "PrincipalType": "Group"}, {"RightName": "GenericAll", "IsInherited": true, "PrincipalSID": "S-1-5-21-4078382237-1492182817-2568127209-519", "PrincipalType": "Group"}, {"RightName": "WriteOwner", "IsInherited": true, "PrincipalSID": "ABSOLUTE.HTB-S-1-5-32-544", "PrincipalType": "Group"}, {"RightName": "WriteDacl", "IsInherited": true, "PrincipalSID": "ABSOLUTE.HTB-S-1-5-32-544", "PrincipalType": "Group"}], "ChildObjects": []},{"ObjectIdentifier": "5E74A579-5950-465D-B5A2-726057AE2CC6", "Properties": {"domain": "ABSOLUTE.HTB", "name": "FOREIGNSECURITYPRINCIPALS@ABSOLUTE.HTB", "distinguishedname": "CN=FOREIGNSECURITYPRINCIPALS,DC=ABSOLUTE,DC=HTB", "domainsid": "S-1-5-21-4078382237-1492182817-2568127209", "highvalue": false, "description": "Default container for security identifiers (SIDs) associated with objects from external, trusted domains", "whencreated": 1654762578}, "IsDeleted": false, "IsACLProtected": false, "Aces": [{"RightName": "Owns", "IsInherited": false, "PrincipalSID": "S-1-5-21-4078382237-1492182817-2568127209-512", "PrincipalType": "Group"}, {"RightName": "GenericAll", "IsInherited": false, "PrincipalSID": "S-1-5-21-4078382237-1492182817-2568127209-512", "PrincipalType": "Group"}, {"RightName": "GenericAll", "IsInherited": true, "PrincipalSID": "S-1-5-21-4078382237-1492182817-2568127209-519", "PrincipalType": "Group"}, {"RightName": "WriteOwner", "IsInherited": true, "PrincipalSID": "ABSOLUTE.HTB-S-1-5-32-544", "PrincipalType": "Group"}, {"RightName": "WriteDacl", "IsInherited": true, "PrincipalSID": "ABSOLUTE.HTB-S-1-5-32-544", "PrincipalType": "Group"}], "ChildObjects": []},{"ObjectIdentifier": "6FD64146-0B5C-46BD-9A43-A464D530C877", "Properties": {"domain": "ABSOLUTE.HTB", "name": "SYSTEM@ABSOLUTE.HTB", "distinguishedname": "CN=SYSTEM,DC=ABSOLUTE,DC=HTB", "domainsid": "S-1-5-21-4078382237-1492182817-2568127209", "highvalue": false, "description": "Builtin system settings", "whencreated": 1654762578}, "IsDeleted": false, "IsACLProtected": false, "Aces": [{"RightName": "Owns", "IsInherited": false, "PrincipalSID": "S-1-5-21-4078382237-1492182817-2568127209-512", "PrincipalType": "Group"}, {"RightName": "WriteOwner", "IsInherited": false, "PrincipalSID": "S-1-5-21-4078382237-1492182817-2568127209-512", "PrincipalType": "Group"}, {"RightName": "WriteDacl", "IsInherited": false, "PrincipalSID": "S-1-5-21-4078382237-1492182817-2568127209-512", "PrincipalType": "Group"}, {"RightName": "GenericAll", "IsInherited": true, "PrincipalSID": "S-1-5-21-4078382237-1492182817-2568127209-519", "PrincipalType": "Group"}, {"RightName": "WriteOwner", "IsInherited": true, "PrincipalSID": "ABSOLUTE.HTB-S-1-5-32-544", "PrincipalType": "Group"}, {"RightName": "WriteDacl", "IsInherited": true, "PrincipalSID": "ABSOLUTE.HTB-S-1-5-32-544", "PrincipalType": "Group"}], "ChildObjects": []},{"ObjectIdentifier": "C042D89E-AFC2-460E-8CF5-900363D7CC13", "Properties": {"domain": "ABSOLUTE.HTB", "name": "COMPUTERS@ABSOLUTE.HTB", "distinguishedname": "CN=COMPUTERS,DC=ABSOLUTE,DC=HTB", "domainsid": "S-1-5-21-4078382237-1492182817-2568127209", "highvalue": false, "description": "Default container for upgraded computer accounts", "whencreated": 1654762578}, "IsDeleted": false, "IsACLProtected": false, "Aces": [{"RightName": "Owns", "IsInherited": false, "PrincipalSID": "S-1-5-21-4078382237-1492182817-2568127209-512", "PrincipalType": "Group"}, {"RightName": "WriteOwner", "IsInherited": false, "PrincipalSID": "S-1-5-21-4078382237-1492182817-2568127209-512", "PrincipalType": "Group"}, {"RightName": "WriteDacl", "IsInherited": false, "PrincipalSID": "S-1-5-21-4078382237-1492182817-2568127209-512", "PrincipalType": "Group"}, {"RightName": "GenericAll", "IsInherited": true, "PrincipalSID": "S-1-5-21-4078382237-1492182817-2568127209-519", "PrincipalType": "Group"}, {"RightName": "WriteOwner", "IsInherited": true, "PrincipalSID": "ABSOLUTE.HTB-S-1-5-32-544", "PrincipalType": "Group"}, {"RightName": "WriteDacl", "IsInherited": true, "PrincipalSID": "ABSOLUTE.HTB-S-1-5-32-544", "PrincipalType": "Group"}], "ChildObjects": []},{"ObjectIdentifier": "86F7865C-52CD-4DD0-92D2-B1E9BF26C45C", "Properties": {"domain": "ABSOLUTE.HTB", "name": "USERS@ABSOLUTE.HTB", "distinguishedname": "CN=USERS,DC=ABSOLUTE,DC=HTB", "domainsid": "S-1-5-21-4078382237-1492182817-2568127209", "highvalue": false, "description": "Default container for upgraded user accounts", "whencreated": 1654762578}, "IsDeleted": false, "IsACLProtected": false, "Aces": [{"RightName": "Owns", "IsInherited": false, "PrincipalSID": "S-1-5-21-4078382237-1492182817-2568127209-512", "PrincipalType": "Group"}, {"RightName": "WriteOwner", "IsInherited": false, "PrincipalSID": "S-1-5-21-4078382237-1492182817-2568127209-512", "PrincipalType": "Group"}, {"RightName": "WriteDacl", "IsInherited": false, "PrincipalSID": "S-1-5-21-4078382237-1492182817-2568127209-512", "PrincipalType": "Group"}, {"RightName": "GenericAll", "IsInherited": true, "PrincipalSID": "S-1-5-21-4078382237-1492182817-2568127209-519", "PrincipalType": "Group"}, {"RightName": "WriteOwner", "IsInherited": true, "PrincipalSID": "ABSOLUTE.HTB-S-1-5-32-544", "PrincipalType": "Group"}, {"RightName": "WriteDacl", "IsInherited": true, "PrincipalSID": "ABSOLUTE.HTB-S-1-5-32-544", "PrincipalType": "Group"}], "ChildObjects": [{"ObjectIdentifier": "S-1-5-21-4078382237-1492182817-2568127209-1116", "ObjectType": "User"}, {"ObjectIdentifier": "S-1-5-21-4078382237-1492182817-2568127209-1114", "ObjectType": "User"}, {"ObjectIdentifier": "S-1-5-21-4078382237-1492182817-2568127209-1115", "ObjectType": "User"}, {"ObjectIdentifier": "S-1-5-21-4078382237-1492182817-2568127209-518", "ObjectType": "Group"}, {"ObjectIdentifier": "S-1-5-21-4078382237-1492182817-2568127209-1106", "ObjectType": "User"}, {"ObjectIdentifier": "S-1-5-21-4078382237-1492182817-2568127209-1112", "ObjectType": "User"}, {"ObjectIdentifier": "S-1-5-21-4078382237-1492182817-2568127209-521", "ObjectType": "Group"}, {"ObjectIdentifier": "S-1-5-21-4078382237-1492182817-2568127209-553", "ObjectType": "Group"}, {"ObjectIdentifier": "S-1-5-21-4078382237-1492182817-2568127209-525", "ObjectType": "Group"}, {"ObjectIdentifier": "S-1-5-21-4078382237-1492182817-2568127209-1117", "ObjectType": "Group"}, {"ObjectIdentifier": "S-1-5-21-4078382237-1492182817-2568127209-1118", "ObjectType": "Group"}, {"ObjectIdentifier": "S-1-5-21-4078382237-1492182817-2568127209-1119", "ObjectType": "Group"}, {"ObjectIdentifier": "S-1-5-21-4078382237-1492182817-2568127209-1108", "ObjectType": "User"}, {"ObjectIdentifier": "S-1-5-21-4078382237-1492182817-2568127209-1109", "ObjectType": "User"}, {"ObjectIdentifier": "S-1-5-21-4078382237-1492182817-2568127209-1104", "ObjectType": "User"}, {"ObjectIdentifier": "S-1-5-21-4078382237-1492182817-2568127209-1110", "ObjectType": "User"}, {"ObjectIdentifier": "S-1-5-21-4078382237-1492182817-2568127209-502", "ObjectType": "User"}, {"ObjectIdentifier": "S-1-5-21-4078382237-1492182817-2568127209-526", "ObjectType": "Group"}, {"ObjectIdentifier": "S-1-5-21-4078382237-1492182817-2568127209-1107", "ObjectType": "User"}, {"ObjectIdentifier": "S-1-5-21-4078382237-1492182817-2568127209-1103", "ObjectType": "User"}, {"ObjectIdentifier": "S-1-5-21-4078382237-1492182817-2568127209-501", "ObjectType": "User"}, {"ObjectIdentifier": "S-1-5-21-4078382237-1492182817-2568127209-520", "ObjectType": "Group"}, {"ObjectIdentifier": "S-1-5-21-4078382237-1492182817-2568127209-498", "ObjectType": "Group"}, {"ObjectIdentifier": "S-1-5-21-4078382237-1492182817-2568127209-527", "ObjectType": "Group"}, {"ObjectIdentifier": "S-1-5-21-4078382237-1492182817-2568127209-519", "ObjectType": "Group"}, {"ObjectIdentifier": "S-1-5-21-4078382237-1492182817-2568127209-513", "ObjectType": "Group"}, {"ObjectIdentifier": "S-1-5-21-4078382237-1492182817-2568127209-514", "ObjectType": "Group"}, {"ObjectIdentifier": "S-1-5-21-4078382237-1492182817-2568127209-516", "ObjectType": "Group"}, {"ObjectIdentifier": "S-1-5-21-4078382237-1492182817-2568127209-515", "ObjectType": "Group"}, {"ObjectIdentifier": "S-1-5-21-4078382237-1492182817-2568127209-512", "ObjectType": "Group"}, {"ObjectIdentifier": "S-1-5-21-4078382237-1492182817-2568127209-1102", "ObjectType": "Group"}, {"ObjectIdentifier": "S-1-5-21-4078382237-1492182817-2568127209-1101", "ObjectType": "Group"}, {"ObjectIdentifier": "S-1-5-21-4078382237-1492182817-2568127209-572", "ObjectType": "Group"}, {"ObjectIdentifier": "S-1-5-21-4078382237-1492182817-2568127209-1113", "ObjectType": "User"}, {"ObjectIdentifier": "S-1-5-21-4078382237-1492182817-2568127209-1105", "ObjectType": "User"}, {"ObjectIdentifier": "S-1-5-21-4078382237-1492182817-2568127209-522", "ObjectType": "Group"}, {"ObjectIdentifier": "S-1-5-21-4078382237-1492182817-2568127209-517", "ObjectType": "Group"}, {"ObjectIdentifier": "S-1-5-21-4078382237-1492182817-2568127209-1111", "ObjectType": "User"}, {"ObjectIdentifier": "S-1-5-21-4078382237-1492182817-2568127209-571", "ObjectType": "Group"}, {"ObjectIdentifier": "S-1-5-21-4078382237-1492182817-2568127209-500", "ObjectType": "User"}]}],"meta":{"methods":0,"type":"containers","count":19, "version":5}}