{"data": [{"ObjectIdentifier": "S-1-5-21-4078382237-1492182817-2568127209", "Properties": {"name": "ABSOLUTE.HTB", "domain": "ABSOLUTE.HTB", "domainsid": "S-1-5-21-4078382237-1492182817-2568127209", "distinguishedname": "DC=ABSOLUTE,DC=HTB", "description": "", "functionallevel": "2016", "highvalue": true, "whencreated": 1654762574}, "Trusts": [], "Aces": [{"RightName": "Owns", "IsInherited": false, "PrincipalSID": "ABSOLUTE.HTB-S-1-5-32-544", "PrincipalType": "Group"}, {"RightName": "GetChanges", "IsInherited": false, "PrincipalSID": "S-1-5-21-4078382237-1492182817-2568127209-498", "PrincipalType": "Group"}, {"RightName": "GetChangesAll", "IsInherited": false, "PrincipalSID": "S-1-5-21-4078382237-1492182817-2568127209-516", "PrincipalType": "Group"}, {"RightName": "GetChangesInFilteredSet", "IsInherited": false, "PrincipalSID": "ABSOLUTE.HTB-S-1-5-32-544", "PrincipalType": "Group"}, {"RightName": "GetChanges", "IsInherited": false, "PrincipalSID": "ABSOLUTE.HTB-S-1-5-32-544", "PrincipalType": "Group"}, {"RightName": "GetChangesAll", "IsInherited": false, "PrincipalSID": "ABSOLUTE.HTB-S-1-5-32-544", "PrincipalType": "Group"}, {"RightName": "GetChangesInFilteredSet", "IsInherited": false, "PrincipalSID": "ABSOLUTE.HTB-S-1-5-9", "PrincipalType": "Group"}, {"RightName": "GetChanges", "IsInherited": false, "PrincipalSID": "ABSOLUTE.HTB-S-1-5-9", "PrincipalType": "Group"}, {"RightName": "WriteOwner", "IsInherited": false, "PrincipalSID": "S-1-5-21-4078382237-1492182817-2568127209-512", "PrincipalType": "Group"}, {"RightName": "AllExtendedRights", "IsInherited": false, "PrincipalSID": "S-1-5-21-4078382237-1492182817-2568127209-512", "PrincipalType": "Group"}, {"RightName": "WriteDacl", "IsInherited": false, "PrincipalSID": "S-1-5-21-4078382237-1492182817-2568127209-512", "PrincipalType": "Group"}, {"RightName": "GenericAll", "IsInherited": false, "PrincipalSID": "S-1-5-21-4078382237-1492182817-2568127209-519", "PrincipalType": "Group"}, {"RightName": "WriteOwner", "IsInherited": false, "PrincipalSID": "ABSOLUTE.HTB-S-1-5-32-544", "PrincipalType": "Group"}, {"RightName": "AllExtendedRights", "IsInherited": false, "PrincipalSID": "ABSOLUTE.HTB-S-1-5-32-544", "PrincipalType": "Group"}, {"RightName": "WriteDacl", "IsInherited": false, "PrincipalSID": "ABSOLUTE.HTB-S-1-5-32-544", "PrincipalType": "Group"}], "Links": [{"IsEnforced": false, "GUID": "9EF36BD3-441F-4322-B6EB-CE96EF32A1BF"}], "ChildObjects": [{"ObjectIdentifier": "86F7865C-52CD-4DD0-92D2-B1E9BF26C45C", "ObjectType": "Container"}, {"ObjectIdentifier": "9CB86EB1-E83C-45EE-B4CD-06850F41CFAD", "ObjectType": "Container"}, {"ObjectIdentifier": "5E74A579-5950-465D-B5A2-726057AE2CC6", "ObjectType": "Container"}, {"ObjectIdentifier": "6362CB6F-2487-434A-A8A7-3BE554E33739", "ObjectType": "OU"}, {"ObjectIdentifier": "C042D89E-AFC2-460E-8CF5-900363D7CC13", "ObjectType": "Container"}], "GPOChanges": {"AffectedComputers": [], "DcomUsers": [], "LocalAdmins": [], "PSRemoteUsers": [], "RemoteDesktopUsers": []}, "IsDeleted": false, "IsACLProtected": false}], "meta": {"type": "domains", "count": 1, "version": 5}}