{"data":[{"ObjectIdentifier": "9EF36BD3-441F-4322-B6EB-CE96EF32A1BF", "Properties": {"domain": "ABSOLUTE.HTB", "name": "DEFAULT DOMAIN POLICY@ABSOLUTE.HTB", "distinguishedname": "CN={31B2F340-016D-11D2-945F-00C04FB984F9},CN=POLICIES,CN=SYSTEM,DC=ABSOLUTE,DC=HTB", "domainsid": "S-1-5-21-4078382237-1492182817-2568127209", "highvalue": false, "gpcpath": "\\\\ABSOLUTE.HTB\\SYSVOL\\ABSOLUTE.HTB\\POLICIES\\{31B2F340-016D-11D2-945F-00C04FB984F9}", "description": null, "whencreated": 1654762578}, "IsDeleted": false, "IsACLProtected": true, "Aces": [{"RightName": "Owns", "IsInherited": false, "PrincipalSID": "S-1-5-21-4078382237-1492182817-2568127209-512", "PrincipalType": "Group"}, {"RightName": "GenericWrite", "IsInherited": false, "PrincipalSID": "S-1-5-21-4078382237-1492182817-2568127209-512", "PrincipalType": "Group"}, {"RightName": "WriteOwner", "IsInherited": false, "PrincipalSID": "S-1-5-21-4078382237-1492182817-2568127209-512", "PrincipalType": "Group"}, {"RightName": "WriteDacl", "IsInherited": false, "PrincipalSID": "S-1-5-21-4078382237-1492182817-2568127209-512", "PrincipalType": "Group"}, {"RightName": "GenericWrite", "IsInherited": false, "PrincipalSID": "S-1-5-21-4078382237-1492182817-2568127209-519", "PrincipalType": "Group"}, {"RightName": "WriteOwner", "IsInherited": false, "PrincipalSID": "S-1-5-21-4078382237-1492182817-2568127209-519", "PrincipalType": "Group"}, {"RightName": "WriteDacl", "IsInherited": false, "PrincipalSID": "S-1-5-21-4078382237-1492182817-2568127209-519", "PrincipalType": "Group"}, {"RightName": "GenericWrite", "IsInherited": false, "PrincipalSID": "S-1-5-21-4078382237-1492182817-2568127209-512", "PrincipalType": "Group"}, {"RightName": "WriteOwner", "IsInherited": false, "PrincipalSID": "S-1-5-21-4078382237-1492182817-2568127209-512", "PrincipalType": "Group"}, {"RightName": "WriteDacl", "IsInherited": false, "PrincipalSID": "S-1-5-21-4078382237-1492182817-2568127209-512", "PrincipalType": "Group"}]},{"ObjectIdentifier": "44C0BE78-45B6-4767-AFB7-513A1B5B4AE7", "Properties": {"domain": "ABSOLUTE.HTB", "name": "DEFAULT DOMAIN CONTROLLERS POLICY@ABSOLUTE.HTB", "distinguishedname": "CN={6AC1786C-016F-11D2-945F-00C04FB984F9},CN=POLICIES,CN=SYSTEM,DC=ABSOLUTE,DC=HTB", "domainsid": "S-1-5-21-4078382237-1492182817-2568127209", "highvalue": false, "gpcpath": "\\\\ABSOLUTE.HTB\\SYSVOL\\ABSOLUTE.HTB\\POLICIES\\{6AC1786C-016F-11D2-945F-00C04FB984F9}", "description": null, "whencreated": 1654762578}, "IsDeleted": false, "IsACLProtected": true, "Aces": [{"RightName": "Owns", "IsInherited": false, "PrincipalSID": "S-1-5-21-4078382237-1492182817-2568127209-512", "PrincipalType": "Group"}, {"RightName": "GenericWrite", "IsInherited": false, "PrincipalSID": "S-1-5-21-4078382237-1492182817-2568127209-512", "PrincipalType": "Group"}, {"RightName": "WriteOwner", "IsInherited": false, "PrincipalSID": "S-1-5-21-4078382237-1492182817-2568127209-512", "PrincipalType": "Group"}, {"RightName": "WriteDacl", "IsInherited": false, "PrincipalSID": "S-1-5-21-4078382237-1492182817-2568127209-512", "PrincipalType": "Group"}, {"RightName": "GenericWrite", "IsInherited": false, "PrincipalSID": "S-1-5-21-4078382237-1492182817-2568127209-519", "PrincipalType": "Group"}, {"RightName": "WriteOwner", "IsInherited": false, "PrincipalSID": "S-1-5-21-4078382237-1492182817-2568127209-519", "PrincipalType": "Group"}, {"RightName": "WriteDacl", "IsInherited": false, "PrincipalSID": "S-1-5-21-4078382237-1492182817-2568127209-519", "PrincipalType": "Group"}, {"RightName": "GenericWrite", "IsInherited": false, "PrincipalSID": "S-1-5-21-4078382237-1492182817-2568127209-512", "PrincipalType": "Group"}, {"RightName": "WriteOwner", "IsInherited": false, "PrincipalSID": "S-1-5-21-4078382237-1492182817-2568127209-512", "PrincipalType": "Group"}, {"RightName": "WriteDacl", "IsInherited": false, "PrincipalSID": "S-1-5-21-4078382237-1492182817-2568127209-512", "PrincipalType": "Group"}]}],"meta":{"methods":0,"type":"gpos","count":2, "version":5}}