{"data":[{"ObjectIdentifier": "6362CB6F-2487-434A-A8A7-3BE554E33739", "Properties": {"domain": "ABSOLUTE.HTB", "name": "DOMAIN CONTROLLERS@ABSOLUTE.HTB", "distinguishedname": "OU=DOMAIN CONTROLLERS,DC=ABSOLUTE,DC=HTB", "domainsid": "S-1-5-21-4078382237-1492182817-2568127209", "highvalue": false, "blocksinheritance": false, "description": "Default container for domain controllers", "whencreated": 1654762578}, "IsDeleted": false, "IsACLProtected": false, "Aces": [{"RightName": "Owns", "IsInherited": false, "PrincipalSID": "S-1-5-21-4078382237-1492182817-2568127209-512", "PrincipalType": "Group"}, {"RightName": "WriteOwner", "IsInherited": false, "PrincipalSID": "S-1-5-21-4078382237-1492182817-2568127209-512", "PrincipalType": "Group"}, {"RightName": "WriteDacl", "IsInherited": false, "PrincipalSID": "S-1-5-21-4078382237-1492182817-2568127209-512", "PrincipalType": "Group"}, {"RightName": "GenericAll", "IsInherited": true, "PrincipalSID": "S-1-5-21-4078382237-1492182817-2568127209-519", "PrincipalType": "Group"}, {"RightName": "WriteOwner", "IsInherited": true, "PrincipalSID": "ABSOLUTE.HTB-S-1-5-32-544", "PrincipalType": "Group"}, {"RightName": "WriteDacl", "IsInherited": true, "PrincipalSID": "ABSOLUTE.HTB-S-1-5-32-544", "PrincipalType": "Group"}], "Links": [{"IsEnforced": false, "GUID": "44C0BE78-45B6-4767-AFB7-513A1B5B4AE7"}], "ChildObjects": [{"ObjectIdentifier": "S-1-5-21-4078382237-1492182817-2568127209-1000", "ObjectType": "Computer"}], "GPOChanges": {"AffectedComputers": [], "DcomUsers": [], "LocalAdmins": [], "PSRemoteUsers": [], "RemoteDesktopUsers": []}}],"meta":{"methods":0,"type":"ous","count":1, "version":5}}